bin path,bp,category,contigs,name
/work/meta4_bins/data/bins/fauzi/bins/Methylobacter-98.fasta,5336445,fauzi,126,Methylobacter-98
/work/meta4_bins/data/bins/fauzi/bins/Methylophilus_methylotrophus-79.fasta,2920449,fauzi,17,Methylophilus_methylotrophus-79
/work/meta4_bins/data/bins/fauzi/bins/Opitutae-40.fasta,3988942,fauzi,24,Opitutae-40
/work/meta4_bins/data/bins/fauzi/bins/Methylotenera_mobilis-76-1.fasta,2438723,fauzi,208,Methylotenera_mobilis-76-1
/work/meta4_bins/data/bins/fauzi/bins/Methylotenera_mobilis-76-2.fasta,3001309,fauzi,409,Methylotenera_mobilis-76-2
/work/meta4_bins/data/bins/fauzi/bins/Acidovorax-123.fasta,2739181,fauzi,18,Acidovorax-123
/work/meta4_bins/data/bins/fauzi/bins/Acidovorax-79.fasta,2771065,fauzi,98,Acidovorax-79
/work/meta4_bins/data/bins/fauzi/bins/Methylobacter-123.fasta,4765737,fauzi,260,Methylobacter-123
/work/meta4_bins/data/bins/fauzi/bins/Acidovora-69x.fasta,3012106,fauzi,445,Acidovora-69x
/work/meta4_bins/data/bins/fauzi/bins/Methylotenera_mobilis-49-1.fasta,2965008,fauzi,226,Methylotenera_mobilis-49-1
/work/meta4_bins/data/bins/fauzi/bins/Methylophilus_methylotrophus-55.fasta,2904013,fauzi,17,Methylophilus_methylotrophus-55
/work/meta4_bins/data/bins/fauzi/bins/Methylophilaceae-49.fasta,1632950,fauzi,201,Methylophilaceae-49
/work/meta4_bins/data/bins/fauzi/bins/Methylophilus_methylotrophus-69.fasta,2913836,fauzi,31,Methylophilus_methylotrophus-69
/work/meta4_bins/data/bins/fauzi/bins/Methylophilus_methylotrophus-127-1.fasta,2524710,fauzi,142,Methylophilus_methylotrophus-127-1
/work/meta4_bins/data/bins/fauzi/bins/Methylococcaceae-55.fasta,4274233,fauzi,54,Methylococcaceae-55
/work/meta4_bins/data/bins/fauzi/bins/Bacteroidetes-8.fasta,2106485,fauzi,343,Bacteroidetes-8
/work/meta4_bins/data/bins/fauzi/bins/Bacteriovorax-49.fasta,3584187,fauzi,377,Bacteriovorax-49
/work/meta4_bins/data/bins/fauzi/bins/Methylococcaceae-21.fasta,3980390,fauzi,554,Methylococcaceae-21
/work/meta4_bins/data/bins/fauzi/bins/Methylophilus_methylotrophus-129-1.fasta,2995534,fauzi,115,Methylophilus_methylotrophus-129-1
/work/meta4_bins/data/bins/fauzi/bins/Methylophilaceae-40.fasta,1302667,fauzi,240,Methylophilaceae-40
/work/meta4_bins/data/bins/fauzi/bins/Methylophilaceae-55.fasta,3005349,fauzi,24,Methylophilaceae-55
/work/meta4_bins/data/bins/fauzi/bins/Methylosarcina-21.fasta,3864555,fauzi,409,Methylosarcina-21
/work/meta4_bins/data/bins/fauzi/bins/Methylobacter-69.fasta,5490250,fauzi,180,Methylobacter-69
/work/meta4_bins/data/bins/fauzi/bins/Burkholderiales-129.fasta,2461515,fauzi,384,Burkholderiales-129
/work/meta4_bins/data/bins/fauzi/bins/Methylophilaceae-8.fasta,1828390,fauzi,335,Methylophilaceae-8
/work/meta4_bins/data/bins/fauzi/bins/Acidovorax-75.fasta,4694651,fauzi,268,Acidovorax-75
/work/meta4_bins/data/bins/fauzi/bins/Bacteroidetes-76.fasta,3663034,fauzi,251,Bacteroidetes-76
/work/meta4_bins/data/bins/fauzi/bins/Bacteriovora-8x.fasta,3888858,fauzi,290,Bacteriovora-8x
/work/meta4_bins/data/bins/fauzi/bins/Methylotenera_mobilis-63.fasta,1645626,fauzi,291,Methylotenera_mobilis-63
/work/meta4_bins/data/bins/fauzi/bins/Methylophilus_methylotrophus-129-2.fasta,2330742,fauzi,87,Methylophilus_methylotrophus-129-2
/work/meta4_bins/data/bins/fauzi/bins/Acidovorax-21.fasta,1834216,fauzi,446,Acidovorax-21
/work/meta4_bins/data/bins/fauzi/bins/Burkholderiales-55.fasta,5322952,fauzi,53,Burkholderiales-55
/work/meta4_bins/data/bins/fauzi/bins/Acidovorax-98.fasta,3368916,fauzi,359,Acidovorax-98
/work/meta4_bins/data/bins/fauzi/bins/Burkholderiales-76.fasta,4626775,fauzi,107,Burkholderiales-76
/work/meta4_bins/data/bins/fauzi/bins/Methylosarcina_lacus-69.fasta,4110993,fauzi,217,Methylosarcina_lacus-69
/work/meta4_bins/data/bins/fauzi/bins/Rhodocyclaceae-127.fasta,3419758,fauzi,360,Rhodocyclaceae-127
/work/meta4_bins/data/bins/fauzi/bins/Methylophilus_methylotrophus-98.fasta,2667015,fauzi,31,Methylophilus_methylotrophus-98
/work/meta4_bins/data/bins/fauzi/bins/Flavobacteriaceae-49.fasta,2914080,fauzi,223,Flavobacteriaceae-49
/work/meta4_bins/data/bins/fauzi/bins/Bacteroidetes-49.fasta,3930626,fauzi,70,Bacteroidetes-49
/work/meta4_bins/data/bins/fauzi/bins/Methylophilus_methylotrophus-127-2.fasta,2706582,fauzi,227,Methylophilus_methylotrophus-127-2
/work/meta4_bins/data/bins/fauzi/bins/Acidovorax-127.fasta,3224187,fauzi,60,Acidovorax-127
/work/meta4_bins/data/bins/fauzi/bins/Bacteriovorax-21.fasta,3827349,fauzi,52,Bacteriovorax-21
/work/meta4_bins/data/bins/fauzi/bins/Rhodocyclaceae-49.fasta,3708206,fauzi,190,Rhodocyclaceae-49
/work/meta4_bins/data/bins/fauzi/bins/Methylotenera_mobilis-49-2.fasta,2424617,fauzi,222,Methylotenera_mobilis-49-2
/work/meta4_bins/data/bins/fauzi/bins/Opitutae-129.fasta,5606520,fauzi,193,Opitutae-129
/work/meta4_bins/data/bins/fauzi/bins/Flavobacteriaceae-79-2.fasta,3306781,fauzi,261,Flavobacteriaceae-79-2
/work/meta4_bins/data/bins/fauzi/bins/Bacteria-21.fasta,3992753,fauzi,254,Bacteria-21
/work/meta4_bins/data/bins/fauzi/bins/Methylovulum_miyakonense-55.fasta,4034896,fauzi,333,Methylovulum_miyakonense-55
/work/meta4_bins/data/bins/fauzi/bins/Methylobacter_tundripaludum-129.fasta,4186555,fauzi,87,Methylobacter_tundripaludum-129
/work/meta4_bins/data/bins/fauzi/bins/Flavobacteriaceae-79-1.fasta,3853215,fauzi,207,Flavobacteriaceae-79-1
/work/meta4_bins/data/bins/fauzi/bins/Bacteriovorax-63.fasta,3953441,fauzi,9,Bacteriovorax-63
/work/meta4_bins/data/bins/fauzi/bins/Methylotenera_mobilis-123.fasta,2204204,fauzi,300,Methylotenera_mobilis-123
/work/meta4_bins/data/bins/fauzi/bins/Methylosarcina_lacus-55.fasta,1865063,fauzi,443,Methylosarcina_lacus-55
/work/meta4_bins/data/bins/isolate/bins/Methylophilus_methylotrophus-79.fasta,2920449,isolate,17,Methylophilus_methylotrophus-79
/work/meta4_bins/data/bins/isolate/bins/Methylotenera_mobilis-76-1.fasta,2438723,isolate,208,Methylotenera_mobilis-76-1
/work/meta4_bins/data/bins/isolate/bins/Methylobacte-98r.fasta,5336445,isolate,126,Methylobacte-98r
/work/meta4_bins/data/bins/isolate/bins/Methylotenera_mobilis-76-2.fasta,3001309,isolate,409,Methylotenera_mobilis-76-2
/work/meta4_bins/data/bins/isolate/bins/Acidovorax-123.fasta,2739181,isolate,18,Acidovorax-123
/work/meta4_bins/data/bins/isolate/bins/Acidovorax-79.fasta,2771065,isolate,98,Acidovorax-79
/work/meta4_bins/data/bins/isolate/bins/Methylobacter-123.fasta,4765737,isolate,260,Methylobacter-123
/work/meta4_bins/data/bins/isolate/bins/Acidovora-69x.fasta,3012106,isolate,445,Acidovora-69x
/work/meta4_bins/data/bins/isolate/bins/Methylophilus_methylotrophus-55.fasta,2904013,isolate,17,Methylophilus_methylotrophus-55
/work/meta4_bins/data/bins/isolate/bins/Opititae-40.fasta,3988942,isolate,24,Opititae-40
/work/meta4_bins/data/bins/isolate/bins/Methylophilaceae-49.fasta,1632950,isolate,201,Methylophilaceae-49
/work/meta4_bins/data/bins/isolate/bins/Methylotenera_mobilis-49.fasta,2965008,isolate,226,Methylotenera_mobilis-49
/work/meta4_bins/data/bins/isolate/bins/Methylophilus_methylotrophus-69.fasta,2913836,isolate,31,Methylophilus_methylotrophus-69
/work/meta4_bins/data/bins/isolate/bins/Methylophilus_methylotrophus-127-1.fasta,2524710,isolate,142,Methylophilus_methylotrophus-127-1
/work/meta4_bins/data/bins/isolate/bins/Methylococcaceae-55.fasta,4274233,isolate,54,Methylococcaceae-55
/work/meta4_bins/data/bins/isolate/bins/Bacteroidetes-8.fasta,2106485,isolate,343,Bacteroidetes-8
/work/meta4_bins/data/bins/isolate/bins/Bacteriovorax-49.fasta,3584187,isolate,377,Bacteriovorax-49
/work/meta4_bins/data/bins/isolate/bins/Methylococcaceae-21.fasta,3980390,isolate,554,Methylococcaceae-21
/work/meta4_bins/data/bins/isolate/bins/Methylophilus_methylotrophus-129-1.fasta,2995534,isolate,115,Methylophilus_methylotrophus-129-1
/work/meta4_bins/data/bins/isolate/bins/Methylophilaceae-40.fasta,1302667,isolate,240,Methylophilaceae-40
/work/meta4_bins/data/bins/isolate/bins/Methylophilaceae-55.fasta,3005349,isolate,24,Methylophilaceae-55
/work/meta4_bins/data/bins/isolate/bins/Methylosarcina-21.fasta,3864555,isolate,409,Methylosarcina-21
/work/meta4_bins/data/bins/isolate/bins/Methylobacter-69.fasta,5490250,isolate,180,Methylobacter-69
/work/meta4_bins/data/bins/isolate/bins/Burkholderiales-129.fasta,2461515,isolate,384,Burkholderiales-129
/work/meta4_bins/data/bins/isolate/bins/Methylophilaceae-8.fasta,1828390,isolate,335,Methylophilaceae-8
/work/meta4_bins/data/bins/isolate/bins/Acidovorax-75.fasta,4694651,isolate,268,Acidovorax-75
/work/meta4_bins/data/bins/isolate/bins/Bacteroidetes-76.fasta,3663034,isolate,251,Bacteroidetes-76
/work/meta4_bins/data/bins/isolate/bins/Bacteriovora-8x.fasta,3888858,isolate,290,Bacteriovora-8x
/work/meta4_bins/data/bins/isolate/bins/Methylotenera_mobilis-63.fasta,1645626,isolate,291,Methylotenera_mobilis-63
/work/meta4_bins/data/bins/isolate/bins/Methylophilus_methylotrophus-129-2.fasta,2330742,isolate,87,Methylophilus_methylotrophus-129-2
/work/meta4_bins/data/bins/isolate/bins/Acidovorax-21.fasta,1834216,isolate,446,Acidovorax-21
/work/meta4_bins/data/bins/isolate/bins/Burkholderiales-55.fasta,5322952,isolate,53,Burkholderiales-55
/work/meta4_bins/data/bins/isolate/bins/Acidovorax-98.fasta,3368916,isolate,359,Acidovorax-98
/work/meta4_bins/data/bins/isolate/bins/Burkholderiales-76.fasta,4626775,isolate,107,Burkholderiales-76
/work/meta4_bins/data/bins/isolate/bins/Methylosarcina_lacus-69.fasta,4110993,isolate,217,Methylosarcina_lacus-69
/work/meta4_bins/data/bins/isolate/bins/Rhodocyclaceae-127.fasta,3419758,isolate,360,Rhodocyclaceae-127
/work/meta4_bins/data/bins/isolate/bins/Methylophilus_methylotrophus-98.fasta,2667015,isolate,31,Methylophilus_methylotrophus-98
/work/meta4_bins/data/bins/isolate/bins/Flavobacteriaceae-49.fasta,2914080,isolate,223,Flavobacteriaceae-49
/work/meta4_bins/data/bins/isolate/bins/Bacteroidetes-49.fasta,3930626,isolate,70,Bacteroidetes-49
/work/meta4_bins/data/bins/isolate/bins/Methylophilus_methylotrophus-127-2.fasta,2706582,isolate,227,Methylophilus_methylotrophus-127-2
/work/meta4_bins/data/bins/isolate/bins/Acidovorax-127.fasta,3224187,isolate,60,Acidovorax-127
/work/meta4_bins/data/bins/isolate/bins/Bacteriovorax-21.fasta,3827349,isolate,52,Bacteriovorax-21
/work/meta4_bins/data/bins/isolate/bins/Rhodocyclaceae-49.fasta,3708206,isolate,190,Rhodocyclaceae-49
/work/meta4_bins/data/bins/isolate/bins/Opitutae-129.fasta,5606520,isolate,193,Opitutae-129
/work/meta4_bins/data/bins/isolate/bins/Flavobacteriaceae-79-2.fasta,3306781,isolate,261,Flavobacteriaceae-79-2
/work/meta4_bins/data/bins/isolate/bins/Bacteria-21.fasta,3992753,isolate,254,Bacteria-21
/work/meta4_bins/data/bins/isolate/bins/Methylovulum_miyakonense-55.fasta,4034896,isolate,333,Methylovulum_miyakonense-55
/work/meta4_bins/data/bins/isolate/bins/Methylobacter_tundripaludum-129.fasta,4186555,isolate,87,Methylobacter_tundripaludum-129
/work/meta4_bins/data/bins/isolate/bins/Flavobacteriaceae-79-1.fasta,3853215,isolate,207,Flavobacteriaceae-79-1
/work/meta4_bins/data/bins/isolate/bins/Bacteriovorax-63.fasta,3953441,isolate,9,Bacteriovorax-63
/work/meta4_bins/data/bins/isolate/bins/Methylotenera_mobilis-123.fasta,2204204,isolate,300,Methylotenera_mobilis-123
/work/meta4_bins/data/bins/isolate/bins/Methylosarcina_lacus-55.fasta,1865063,isolate,443,Methylosarcina_lacus-55
/work/meta4_bins/data/bins/dave/bins/elviz-contigs-1056109.Comamonadaceae-1.fasta,2781689,dave,2473,elviz-contigs-1056109.Comamonadaceae-1
/work/meta4_bins/data/bins/dave/bins/elviz-contigs-1056226.Comamonadaceae-1.fasta,3863163,dave,2724,elviz-contigs-1056226.Comamonadaceae-1
/work/meta4_bins/data/bins/dave/bins/elviz-contigs-1056103.Methylobacter-1.fasta,7341623,dave,11307,elviz-contigs-1056103.Methylobacter-1
/work/meta4_bins/data/bins/dave/bins/elviz-contigs-1056202.Methylotenera-1.fasta,4499386,dave,5161,elviz-contigs-1056202.Methylotenera-1
/work/meta4_bins/data/bins/dave/bins/elviz-contigs-1056268.Comamonadaceae-1.fasta,4924203,dave,922,elviz-contigs-1056268.Comamonadaceae-1
/work/meta4_bins/data/bins/dave/bins/elviz-contigs-1056220.Methylotenera-1.fasta,3625465,dave,3547,elviz-contigs-1056220.Methylotenera-1
/work/meta4_bins/data/bins/dave/bins/elviz-contigs-1056145.Azospirillum-1.fasta,3637460,dave,3786,elviz-contigs-1056145.Azospirillum-1
/work/meta4_bins/data/bins/dave/bins/elviz-contigs-1056178.Burkholderiales-1.fasta,5865023,dave,1923,elviz-contigs-1056178.Burkholderiales-1
/work/meta4_bins/data/bins/dave/bins/elviz-contigs-1056217.Burkholderiales-1.fasta,7339518,dave,1677,elviz-contigs-1056217.Burkholderiales-1
/work/meta4_bins/data/bins/dave/bins/elviz-contigs-1056178.Methylophilus-1.fasta,5689751,dave,6526,elviz-contigs-1056178.Methylophilus-1
/work/meta4_bins/data/bins/dave/bins/elviz-contigs-1056148.Burkholderiales-1.fasta,4942784,dave,4725,elviz-contigs-1056148.Burkholderiales-1
/work/meta4_bins/data/bins/dave/bins/elviz-contigs-1056247.Methylophilus-1.fasta,2270729,dave,2172,elviz-contigs-1056247.Methylophilus-1
/work/meta4_bins/data/bins/dave/bins/elviz-contigs-1056073.Methylophilus-2.fasta,2541794,dave,1988,elviz-contigs-1056073.Methylophilus-2
/work/meta4_bins/data/bins/dave/bins/elviz-contigs-1056043.Dechloromonas-1.fasta,1937206,dave,1573,elviz-contigs-1056043.Dechloromonas-1
/work/meta4_bins/data/bins/dave/bins/elviz-contigs-1056076.Methylotenera-1.fasta,5201251,dave,5916,elviz-contigs-1056076.Methylotenera-1
/work/meta4_bins/data/bins/dave/bins/elviz-contigs-1056271.Methylophilus-1.fasta,5870794,dave,3642,elviz-contigs-1056271.Methylophilus-1
/work/meta4_bins/data/bins/dave/bins/elviz-contigs-1056274.Methylobacter-1.fasta,4235277,dave,278,elviz-contigs-1056274.Methylobacter-1
/work/meta4_bins/data/bins/dave/bins/elviz-contigs-1056175.Methylobacter-1.fasta,5413724,dave,8973,elviz-contigs-1056175.Methylobacter-1
/work/meta4_bins/data/bins/dave/bins/elviz-contigs-1056271.Delftia-1.fasta,5598790,dave,3022,elviz-contigs-1056271.Delftia-1
/work/meta4_bins/data/bins/dave/bins/elviz-contigs-1056259.Comamonadaceae-1.fasta,6074575,dave,3036,elviz-contigs-1056259.Comamonadaceae-1
/work/meta4_bins/data/bins/dave/bins/elviz-contigs-1056253.Methylotenera-1.fasta,2254613,dave,1471,elviz-contigs-1056253.Methylotenera-1
/work/meta4_bins/data/bins/dave/bins/elviz-contigs-1056103.Methylotenera-1.fasta,2636381,dave,4884,elviz-contigs-1056103.Methylotenera-1
/work/meta4_bins/data/bins/dave/bins/elviz-contigs-1056145.Emticicia-1.fasta,2990813,dave,2918,elviz-contigs-1056145.Emticicia-1
/work/meta4_bins/data/bins/dave/bins/elviz-contigs-1056184.Burkholderiales-1.fasta,3587221,dave,7265,elviz-contigs-1056184.Burkholderiales-1
/work/meta4_bins/data/bins/dave/bins/elviz-contigs-1056148.Flavobacterium-1.fasta,4169108,dave,1322,elviz-contigs-1056148.Flavobacterium-1
/work/meta4_bins/data/bins/dave/bins/elviz-contigs-1056235.Methylobacter-1.fasta,2317700,dave,3563,elviz-contigs-1056235.Methylobacter-1
/work/meta4_bins/data/bins/dave/bins/elviz-contigs-1056106.Flavobacterium-1.fasta,3891135,dave,4088,elviz-contigs-1056106.Flavobacterium-1
/work/meta4_bins/data/bins/dave/bins/elviz-contigs-1056250.Herbaspirillum-1.fasta,1690311,dave,595,elviz-contigs-1056250.Herbaspirillum-1
/work/meta4_bins/data/bins/dave/bins/elviz-contigs-1056130.Methylotenera-1.fasta,4232035,dave,3890,elviz-contigs-1056130.Methylotenera-1
/work/meta4_bins/data/bins/dave/bins/elviz-contigs-1056241.Bosea-1.fasta,2984423,dave,1857,elviz-contigs-1056241.Bosea-1
/work/meta4_bins/data/bins/dave/bins/elviz-contigs-1056172.Methylophilus-1.fasta,2911783,dave,89,elviz-contigs-1056172.Methylophilus-1
/work/meta4_bins/data/bins/dave/bins/elviz-contigs-1056052.Flectobacillus-1.fasta,1909609,dave,1800,elviz-contigs-1056052.Flectobacillus-1
/work/meta4_bins/data/bins/dave/bins/elviz-contigs-1056220.Acidovorax-1.fasta,6400177,dave,4541,elviz-contigs-1056220.Acidovorax-1
/work/meta4_bins/data/bins/dave/bins/elviz-contigs-1056079.Oxalobacteraceae-1.fasta,3393616,dave,275,elviz-contigs-1056079.Oxalobacteraceae-1
/work/meta4_bins/data/bins/dave/bins/elviz-contigs-1056196.Bacteriovorax-1.fasta,1624037,dave,1620,elviz-contigs-1056196.Bacteriovorax-1
/work/meta4_bins/data/bins/dave/bins/elviz-contigs-1056115.Methylobacter-1.fasta,7247651,dave,12825,elviz-contigs-1056115.Methylobacter-1
/work/meta4_bins/data/bins/dave/bins/elviz-contigs-1056133.Acidovorax-1.fasta,5349469,dave,8373,elviz-contigs-1056133.Acidovorax-1
/work/meta4_bins/data/bins/dave/bins/elviz-contigs-1056187.Methylophilus-1.fasta,5643437,dave,3914,elviz-contigs-1056187.Methylophilus-1
/work/meta4_bins/data/bins/dave/bins/elviz-contigs-1056097.Methylophilus-1.fasta,2798237,dave,555,elviz-contigs-1056097.Methylophilus-1
/work/meta4_bins/data/bins/dave/bins/elviz-contigs-1056193.Acidovorax-1.fasta,7935036,dave,9029,elviz-contigs-1056193.Acidovorax-1
/work/meta4_bins/data/bins/dave/bins/elviz-contigs-1056016.Methylotenera-1.fasta,5556599,dave,5598,elviz-contigs-1056016.Methylotenera-1
/work/meta4_bins/data/bins/dave/bins/elviz-contigs-1056226.Pseudomonas-1.fasta,7328472,dave,3505,elviz-contigs-1056226.Pseudomonas-1
/work/meta4_bins/data/bins/dave/bins/elviz-contigs-1056034.Rheinheimera-1.fasta,3305365,dave,1969,elviz-contigs-1056034.Rheinheimera-1
/work/meta4_bins/data/bins/dave/bins/elviz-contigs-1056049.Methylotenera-1.fasta,4360423,dave,4796,elviz-contigs-1056049.Methylotenera-1
/work/meta4_bins/data/bins/dave/bins/elviz-contigs-1056055.Bacteriovorax-1.fasta,2086081,dave,845,elviz-contigs-1056055.Bacteriovorax-1
/work/meta4_bins/data/bins/dave/bins/elviz-contigs-1056217.Acidovorax-1.fasta,6863905,dave,6758,elviz-contigs-1056217.Acidovorax-1
/work/meta4_bins/data/bins/dave/bins/elviz-contigs-1056253.Methylobacter-1.fasta,4151600,dave,4217,elviz-contigs-1056253.Methylobacter-1
/work/meta4_bins/data/bins/dave/bins/elviz-contigs-1056040.Methylomonas-1.fasta,3590166,dave,2284,elviz-contigs-1056040.Methylomonas-1
/work/meta4_bins/data/bins/dave/bins/elviz-contigs-1056268.Acidovorax-1.fasta,7766865,dave,7655,elviz-contigs-1056268.Acidovorax-1
/work/meta4_bins/data/bins/dave/bins/elviz-contigs-1056271.Gammaproteobacteria-1.fasta,2363690,dave,1440,elviz-contigs-1056271.Gammaproteobacteria-1
/work/meta4_bins/data/bins/dave/bins/elviz-contigs-1056034.Sphingobacteriales-1.fasta,1200190,dave,625,elviz-contigs-1056034.Sphingobacteriales-1
/work/meta4_bins/data/bins/dave/bins/elviz-contigs-1056220.Methylophilus-1.fasta,5390341,dave,2023,elviz-contigs-1056220.Methylophilus-1
/work/meta4_bins/data/bins/dave/bins/elviz-contigs-1056169.Methylophilus-1.fasta,2904667,dave,78,elviz-contigs-1056169.Methylophilus-1
/work/meta4_bins/data/bins/dave/bins/elviz-contigs-1056097.Methylomonas-1.fasta,5026435,dave,1675,elviz-contigs-1056097.Methylomonas-1
/work/meta4_bins/data/bins/dave/bins/elviz-contigs-1056094.Opitutae-1.fasta,1282422,dave,461,elviz-contigs-1056094.Opitutae-1
/work/meta4_bins/data/bins/dave/bins/elviz-contigs-1056154.Comamonadaceae-1.fasta,7431729,dave,3290,elviz-contigs-1056154.Comamonadaceae-1
/work/meta4_bins/data/bins/dave/bins/elviz-contigs-1056241.Bacteriovorax-1.fasta,2099669,dave,112,elviz-contigs-1056241.Bacteriovorax-1
/work/meta4_bins/data/bins/dave/bins/elviz-contigs-1056052.Fluviicola-1.fasta,2070790,dave,252,elviz-contigs-1056052.Fluviicola-1
/work/meta4_bins/data/bins/dave/bins/elviz-contigs-1056148.Methylobacter-1.fasta,6438018,dave,3749,elviz-contigs-1056148.Methylobacter-1
/work/meta4_bins/data/bins/dave/bins/elviz-contigs-1056091.Methylobacter-1.fasta,7505363,dave,10975,elviz-contigs-1056091.Methylobacter-1
/work/meta4_bins/data/bins/dave/bins/elviz-contigs-1056274.Sphingobacteriales-1.fasta,3553399,dave,390,elviz-contigs-1056274.Sphingobacteriales-1
/work/meta4_bins/data/bins/dave/bins/elviz-contigs-1056052.Methylobacter-1.fasta,6364497,dave,4081,elviz-contigs-1056052.Methylobacter-1
/work/meta4_bins/data/bins/dave/bins/elviz-contigs-1056127.Bacteroidetes-1.fasta,6453708,dave,1486,elviz-contigs-1056127.Bacteroidetes-1
/work/meta4_bins/data/bins/dave/bins/elviz-contigs-1056154.Methylophilus-1.fasta,3869034,dave,1613,elviz-contigs-1056154.Methylophilus-1
/work/meta4_bins/data/bins/dave/bins/elviz-contigs-1056181.Methylophilus-1.fasta,2906658,dave,77,elviz-contigs-1056181.Methylophilus-1
/work/meta4_bins/data/bins/dave/bins/elviz-contigs-1056127.Flavobacterium-1.fasta,4999855,dave,3268,elviz-contigs-1056127.Flavobacterium-1
/work/meta4_bins/data/bins/dave/bins/elviz-contigs-1056073.Methylophilus-1.fasta,2641386,dave,885,elviz-contigs-1056073.Methylophilus-1
/work/meta4_bins/data/bins/dave/bins/elviz-contigs-1056070.Methylotenera-1.fasta,3899299,dave,4244,elviz-contigs-1056070.Methylotenera-1
/work/meta4_bins/data/bins/dave/bins/elviz-contigs-1056046.Opitutae-1.fasta,1162753,dave,197,elviz-contigs-1056046.Opitutae-1
/work/meta4_bins/data/bins/dave/bins/elviz-contigs-1056238.Sphingobacteriales-1.fasta,2282103,dave,717,elviz-contigs-1056238.Sphingobacteriales-1
/work/meta4_bins/data/bins/dave/bins/elviz-contigs-1056049.Methylobacter-1.fasta,7605532,dave,6089,elviz-contigs-1056049.Methylobacter-1
/work/meta4_bins/data/bins/dave/bins/elviz-contigs-1056247.Methylobacter-1.fasta,4272566,dave,244,elviz-contigs-1056247.Methylobacter-1
/work/meta4_bins/data/bins/dave/bins/elviz-contigs-1056250.Sphingobacteriales-1.fasta,3347832,dave,216,elviz-contigs-1056250.Sphingobacteriales-1
/work/meta4_bins/data/bins/dave/bins/elviz-contigs-1056211.Burkholderiales-1.fasta,3935719,dave,3976,elviz-contigs-1056211.Burkholderiales-1
/work/meta4_bins/data/bins/dave/bins/elviz-contigs-1056091.Sphingobacteriales-1.fasta,1856262,dave,1899,elviz-contigs-1056091.Sphingobacteriales-1
/work/meta4_bins/data/bins/dave/bins/elviz-contigs-1056079.Methylotenera-1.fasta,3058361,dave,4646,elviz-contigs-1056079.Methylotenera-1
/work/meta4_bins/data/bins/dave/bins/elviz-contigs-1056031.Methylobacter-1.fasta,5690725,dave,2359,elviz-contigs-1056031.Methylobacter-1
/work/meta4_bins/data/bins/dave/bins/elviz-contigs-1056229.Comamonadaceae-1.fasta,3641898,dave,5690,elviz-contigs-1056229.Comamonadaceae-1
/work/meta4_bins/data/bins/dave/bins/elviz-contigs-1056193.Methylobacter-1.fasta,5118861,dave,5913,elviz-contigs-1056193.Methylobacter-1
/work/meta4_bins/data/bins/dave/bins/elviz-contigs-1056037.Methylobacter-1.fasta,9020675,dave,7739,elviz-contigs-1056037.Methylobacter-1
/work/meta4_bins/data/bins/dave/bins/elviz-contigs-1056151.Flavobacterium-1.fasta,1855359,dave,3112,elviz-contigs-1056151.Flavobacterium-1
/work/meta4_bins/data/bins/dave/bins/elviz-contigs-1056199.Delftia-1.fasta,4954986,dave,3246,elviz-contigs-1056199.Delftia-1
/work/meta4_bins/data/bins/dave/bins/elviz-contigs-1056211.Methylobacter-1.fasta,2195245,dave,3348,elviz-contigs-1056211.Methylobacter-1
/work/meta4_bins/data/bins/dave/bins/elviz-contigs-1056205.Gammaproteobacteria-1.fasta,3218421,dave,404,elviz-contigs-1056205.Gammaproteobacteria-1
/work/meta4_bins/data/bins/dave/bins/elviz-contigs-1056031.Comamonadaceae-1.fasta,2549603,dave,1926,elviz-contigs-1056031.Comamonadaceae-1
/work/meta4_bins/data/bins/dave/bins/elviz-contigs-1056124.Flavobacterium-1.fasta,2689243,dave,62,elviz-contigs-1056124.Flavobacterium-1
/work/meta4_bins/data/bins/dave/bins/elviz-contigs-1056040.Opitutae-1.fasta,1482102,dave,469,elviz-contigs-1056040.Opitutae-1
/work/meta4_bins/data/bins/dave/bins/elviz-contigs-1056112.Comamonadaceae-1.fasta,2375621,dave,2581,elviz-contigs-1056112.Comamonadaceae-1
/work/meta4_bins/data/bins/dave/bins/elviz-contigs-1056205.Methylophilus-1.fasta,2979578,dave,195,elviz-contigs-1056205.Methylophilus-1
/work/meta4_bins/data/bins/dave/bins/elviz-contigs-1056172.Methylobacter-1.fasta,4979822,dave,7930,elviz-contigs-1056172.Methylobacter-1
/work/meta4_bins/data/bins/dave/bins/elviz-contigs-1056196.Pseudomonas-1.fasta,6580940,dave,912,elviz-contigs-1056196.Pseudomonas-1
/work/meta4_bins/data/bins/dave/bins/elviz-contigs-1056268.Rhodocyclales-1.fasta,1171885,dave,735,elviz-contigs-1056268.Rhodocyclales-1
/work/meta4_bins/data/bins/dave/bins/elviz-contigs-1056079.Gammaproteobacteria-1.fasta,2338273,dave,465,elviz-contigs-1056079.Gammaproteobacteria-1
/work/meta4_bins/data/bins/dave/bins/elviz-contigs-1056040.Bacteroidetes-1.fasta,2608507,dave,863,elviz-contigs-1056040.Bacteroidetes-1
/work/meta4_bins/data/bins/dave/bins/elviz-contigs-1056136.Bacteriovorax-1.fasta,1831978,dave,2509,elviz-contigs-1056136.Bacteriovorax-1
/work/meta4_bins/data/bins/dave/bins/elviz-contigs-1056247.Burkholderiales-1.fasta,4860710,dave,5582,elviz-contigs-1056247.Burkholderiales-1
/work/meta4_bins/data/bins/dave/bins/elviz-contigs-1056271.Comamonadaceae-1.fasta,4266032,dave,3362,elviz-contigs-1056271.Comamonadaceae-1
/work/meta4_bins/data/bins/dave/bins/elviz-contigs-1056073.Methylophilaceae-1.fasta,3580379,dave,2204,elviz-contigs-1056073.Methylophilaceae-1
/work/meta4_bins/data/bins/dave/bins/elviz-contigs-1056085.Rhodocyclales-1.fasta,918866,dave,1038,elviz-contigs-1056085.Rhodocyclales-1
/work/meta4_bins/data/bins/dave/bins/elviz-contigs-1056145.Fluviicola-1.fasta,1920234,dave,883,elviz-contigs-1056145.Fluviicola-1
/work/meta4_bins/data/bins/dave/bins/elviz-contigs-1056172.Methylobacter-2.fasta,3461842,dave,1572,elviz-contigs-1056172.Methylobacter-2
/work/meta4_bins/data/bins/dave/bins/elviz-contigs-1056226.Methylobacter-1.fasta,3906641,dave,2177,elviz-contigs-1056226.Methylobacter-1
/work/meta4_bins/data/bins/dave/bins/elviz-contigs-1056241.Caulobacter-1.fasta,1683045,dave,1002,elviz-contigs-1056241.Caulobacter-1
/work/meta4_bins/data/bins/dave/bins/elviz-contigs-1056244.Methylophilaceae-1.fasta,4775664,dave,378,elviz-contigs-1056244.Methylophilaceae-1
/work/meta4_bins/data/bins/dave/bins/elviz-contigs-1056043.Methylobacter-1.fasta,8335902,dave,7038,elviz-contigs-1056043.Methylobacter-1
/work/meta4_bins/data/bins/dave/bins/elviz-contigs-1056115.Rhodocyclales-1.fasta,840343,dave,1185,elviz-contigs-1056115.Rhodocyclales-1
/work/meta4_bins/data/bins/dave/bins/elviz-contigs-1056271.Methylobacter-1.fasta,4256006,dave,275,elviz-contigs-1056271.Methylobacter-1
/work/meta4_bins/data/bins/dave/bins/elviz-contigs-1056106.Comamonadaceae-1.fasta,3220619,dave,2840,elviz-contigs-1056106.Comamonadaceae-1
/work/meta4_bins/data/bins/dave/bins/elviz-contigs-1056085.Bacteriovorax-1.fasta,1323553,dave,1162,elviz-contigs-1056085.Bacteriovorax-1
/work/meta4_bins/data/bins/dave/bins/elviz-contigs-1056184.Methylobacter-2.fasta,3694006,dave,2020,elviz-contigs-1056184.Methylobacter-2
/work/meta4_bins/data/bins/dave/bins/elviz-contigs-1056157.Comamonadaceae-1.fasta,4101390,dave,2701,elviz-contigs-1056157.Comamonadaceae-1
/work/meta4_bins/data/bins/dave/bins/elviz-contigs-1056166.Opitutae-1.fasta,1189649,dave,1311,elviz-contigs-1056166.Opitutae-1
/work/meta4_bins/data/bins/dave/bins/elviz-contigs-1056022.Bacteroidetes-1.fasta,4772126,dave,575,elviz-contigs-1056022.Bacteroidetes-1
/work/meta4_bins/data/bins/dave/bins/elviz-contigs-1056190.Flavobacterium-1.fasta,3743926,dave,3820,elviz-contigs-1056190.Flavobacterium-1
/work/meta4_bins/data/bins/dave/bins/elviz-contigs-1056043.Opitutae-1.fasta,1395546,dave,650,elviz-contigs-1056043.Opitutae-1
/work/meta4_bins/data/bins/dave/bins/elviz-contigs-1056160.Acidovorax-1.fasta,6659965,dave,5203,elviz-contigs-1056160.Acidovorax-1
/work/meta4_bins/data/bins/dave/bins/elviz-contigs-1056115.Comamonadaceae-1.fasta,4046401,dave,2713,elviz-contigs-1056115.Comamonadaceae-1
/work/meta4_bins/data/bins/dave/bins/elviz-contigs-1056127.Methylotenera-1.fasta,3168863,dave,4014,elviz-contigs-1056127.Methylotenera-1
/work/meta4_bins/data/bins/dave/bins/elviz-contigs-1056157.Bacteriovorax-1.fasta,2050222,dave,553,elviz-contigs-1056157.Bacteriovorax-1
/work/meta4_bins/data/bins/dave/bins/elviz-contigs-1056064.Bacteriovorax-1.fasta,1986191,dave,2196,elviz-contigs-1056064.Bacteriovorax-1
/work/meta4_bins/data/bins/dave/bins/elviz-contigs-1056154.Burkholderiales-1.fasta,4914403,dave,2877,elviz-contigs-1056154.Burkholderiales-1
/work/meta4_bins/data/bins/dave/bins/elviz-contigs-1056022.Opitutae-1.fasta,1240352,dave,486,elviz-contigs-1056022.Opitutae-1
/work/meta4_bins/data/bins/dave/bins/elviz-contigs-1056202.Comamonadaceae-1.fasta,6623109,dave,1984,elviz-contigs-1056202.Comamonadaceae-1
/work/meta4_bins/data/bins/dave/bins/elviz-contigs-1056136.Comamonadaceae-1.fasta,4456407,dave,3073,elviz-contigs-1056136.Comamonadaceae-1
/work/meta4_bins/data/bins/dave/bins/elviz-contigs-1056154.Gammaproteobacteria-1.fasta,2245257,dave,316,elviz-contigs-1056154.Gammaproteobacteria-1
/work/meta4_bins/data/bins/dave/bins/elviz-contigs-1056085.Methylobacter-1.fasta,6802817,dave,8211,elviz-contigs-1056085.Methylobacter-1
/work/meta4_bins/data/bins/dave/bins/elviz-contigs-1056187.Comamonadaceae-1.fasta,6225717,dave,5231,elviz-contigs-1056187.Comamonadaceae-1
/work/meta4_bins/data/bins/dave/bins/elviz-contigs-1056100.Methylosarcina-1.fasta,3157733,dave,3367,elviz-contigs-1056100.Methylosarcina-1
/work/meta4_bins/data/bins/dave/bins/elviz-contigs-1056076.Methylosarcina-1.fasta,3058336,dave,1651,elviz-contigs-1056076.Methylosarcina-1
/work/meta4_bins/data/bins/dave/bins/elviz-contigs-1056028.Sphingobacteriales-1.fasta,1169534,dave,892,elviz-contigs-1056028.Sphingobacteriales-1
/work/meta4_bins/data/bins/dave/bins/elviz-contigs-1056226.Herbaspirillum-1.fasta,1661098,dave,743,elviz-contigs-1056226.Herbaspirillum-1
/work/meta4_bins/data/bins/dave/bins/elviz-contigs-1056127.Burkholderiales-1.fasta,3216200,dave,4464,elviz-contigs-1056127.Burkholderiales-1
/work/meta4_bins/data/bins/dave/bins/elviz-contigs-1056214.Flavobacterium-1.fasta,3324209,dave,3915,elviz-contigs-1056214.Flavobacterium-1
/work/meta4_bins/data/bins/dave/bins/elviz-contigs-1056274.Flavobacterium-1.fasta,1578758,dave,2923,elviz-contigs-1056274.Flavobacterium-1
/work/meta4_bins/data/bins/dave/bins/elviz-contigs-1056046.Myxococcales-1.fasta,3356734,dave,102,elviz-contigs-1056046.Myxococcales-1
/work/meta4_bins/data/bins/dave/bins/elviz-contigs-1056193.Rhodocyclales-1.fasta,803938,dave,918,elviz-contigs-1056193.Rhodocyclales-1
/work/meta4_bins/data/bins/dave/bins/elviz-contigs-1056022.Gammaproteobacteria-1.fasta,5993598,dave,3157,elviz-contigs-1056022.Gammaproteobacteria-1
/work/meta4_bins/data/bins/dave/bins/elviz-contigs-1056064.Gammaproteobacteria-1.fasta,3084523,dave,2269,elviz-contigs-1056064.Gammaproteobacteria-1
/work/meta4_bins/data/bins/dave/bins/elviz-contigs-1056214.Curvibacter-1.fasta,5985821,dave,1734,elviz-contigs-1056214.Curvibacter-1
/work/meta4_bins/data/bins/dave/bins/elviz-contigs-1056055.Comamonadaceae-1.fasta,3184502,dave,3533,elviz-contigs-1056055.Comamonadaceae-1
/work/meta4_bins/data/bins/dave/bins/elviz-contigs-1056124.Methylophilus-1.fasta,2904105,dave,102,elviz-contigs-1056124.Methylophilus-1
/work/meta4_bins/data/bins/dave/bins/elviz-contigs-1056208.Methylobacter-1.fasta,3667729,dave,1653,elviz-contigs-1056208.Methylobacter-1
/work/meta4_bins/data/bins/dave/bins/elviz-contigs-1056163.Sphingobacteriales-1.fasta,1503689,dave,2253,elviz-contigs-1056163.Sphingobacteriales-1
/work/meta4_bins/data/bins/dave/bins/elviz-contigs-1056166.Acidovorax-1.fasta,5014333,dave,7011,elviz-contigs-1056166.Acidovorax-1
/work/meta4_bins/data/bins/dave/bins/elviz-contigs-1056187.Methylobacter-1.fasta,5867287,dave,10236,elviz-contigs-1056187.Methylobacter-1
/work/meta4_bins/data/bins/dave/bins/elviz-contigs-1056097.Methylophilaceae-1.fasta,3093055,dave,1752,elviz-contigs-1056097.Methylophilaceae-1
/work/meta4_bins/data/bins/dave/bins/elviz-contigs-1056181.Methylobacter-1.fasta,3569284,dave,3087,elviz-contigs-1056181.Methylobacter-1
/work/meta4_bins/data/bins/dave/bins/elviz-contigs-1056133.Methylobacter-1.fasta,5847756,dave,8736,elviz-contigs-1056133.Methylobacter-1
/work/meta4_bins/data/bins/dave/bins/elviz-contigs-1056202.Sphingobacteriales-1.fasta,3457095,dave,79,elviz-contigs-1056202.Sphingobacteriales-1
/work/meta4_bins/data/bins/dave/bins/elviz-contigs-1056091.Comamonadaceae-1.fasta,3999624,dave,2813,elviz-contigs-1056091.Comamonadaceae-1
/work/meta4_bins/data/bins/dave/bins/elviz-contigs-1056184.Acidovorax-1.fasta,3591817,dave,5885,elviz-contigs-1056184.Acidovorax-1
/work/meta4_bins/data/bins/dave/bins/elviz-contigs-1056184.Methylobacter-1.fasta,3476742,dave,1567,elviz-contigs-1056184.Methylobacter-1
/work/meta4_bins/data/bins/dave/bins/elviz-contigs-1056067.Comamonadaceae-1.fasta,1778102,dave,2233,elviz-contigs-1056067.Comamonadaceae-1
/work/meta4_bins/data/bins/dave/bins/elviz-contigs-1056241.Acidovorax-1.fasta,7850984,dave,3873,elviz-contigs-1056241.Acidovorax-1
/work/meta4_bins/data/bins/dave/bins/elviz-contigs-1056028.Acidovorax-1.fasta,2416841,dave,3197,elviz-contigs-1056028.Acidovorax-1
/work/meta4_bins/data/bins/dave/bins/elviz-contigs-1056058.Comamonadaceae-1.fasta,3140285,dave,3369,elviz-contigs-1056058.Comamonadaceae-1
/work/meta4_bins/data/bins/dave/bins/elviz-contigs-1056136.Opitutae-1.fasta,1160338,dave,1770,elviz-contigs-1056136.Opitutae-1
/work/meta4_bins/data/bins/dave/bins/elviz-contigs-1056172.Comamonadaceae-1.fasta,2373747,dave,3346,elviz-contigs-1056172.Comamonadaceae-1
/work/meta4_bins/data/bins/dave/bins/elviz-contigs-1056130.Methylophilus-1.fasta,2790379,dave,681,elviz-contigs-1056130.Methylophilus-1
/work/meta4_bins/data/bins/dave/bins/elviz-contigs-1056247.Flavobacterium-1.fasta,4191099,dave,4799,elviz-contigs-1056247.Flavobacterium-1
/work/meta4_bins/data/bins/dave/bins/elviz-contigs-1056070.Flavobacterium-1.fasta,3703698,dave,1964,elviz-contigs-1056070.Flavobacterium-1
/work/meta4_bins/data/bins/dave/bins/elviz-contigs-1056106.Methylotenera-1.fasta,3746655,dave,6021,elviz-contigs-1056106.Methylotenera-1
/work/meta4_bins/data/bins/dave/bins/elviz-contigs-1056094.Methylobacter-1.fasta,6005156,dave,9056,elviz-contigs-1056094.Methylobacter-1
/work/meta4_bins/data/bins/dave/bins/elviz-contigs-1056238.Burkholderiales-1.fasta,5049394,dave,6494,elviz-contigs-1056238.Burkholderiales-1
/work/meta4_bins/data/bins/dave/bins/elviz-contigs-1056268.Methylophilaceae-1.fasta,2130340,dave,753,elviz-contigs-1056268.Methylophilaceae-1
/work/meta4_bins/data/bins/dave/bins/elviz-contigs-1056151.Methylosarcina-1.fasta,3823359,dave,1810,elviz-contigs-1056151.Methylosarcina-1
/work/meta4_bins/data/bins/dave/bins/elviz-contigs-1056256.Methylobacter-1.fasta,4234652,dave,4459,elviz-contigs-1056256.Methylobacter-1
/work/meta4_bins/data/bins/dave/bins/elviz-contigs-1056124.Methylobacter-1.fasta,5946416,dave,2703,elviz-contigs-1056124.Methylobacter-1
/work/meta4_bins/data/bins/dave/bins/elviz-contigs-1056109.Acidovorax-1.fasta,3510972,dave,4648,elviz-contigs-1056109.Acidovorax-1
/work/meta4_bins/data/bins/dave/bins/elviz-contigs-1056058.Flavobacterium-1.fasta,1995637,dave,2220,elviz-contigs-1056058.Flavobacterium-1
/work/meta4_bins/data/bins/dave/bins/elviz-contigs-1056214.Acidovorax-1.fasta,2949483,dave,2579,elviz-contigs-1056214.Acidovorax-1
/work/meta4_bins/data/bins/dave/bins/elviz-contigs-1056025.Comamonadaceae-1.fasta,2689193,dave,1376,elviz-contigs-1056025.Comamonadaceae-1
/work/meta4_bins/data/bins/dave/bins/elviz-contigs-1056103.Comamonadaceae-1.fasta,4717642,dave,2956,elviz-contigs-1056103.Comamonadaceae-1
/work/meta4_bins/data/bins/dave/bins/elviz-contigs-1056205.Methylotenera-1.fasta,4610527,dave,5437,elviz-contigs-1056205.Methylotenera-1
/work/meta4_bins/data/bins/dave/bins/elviz-contigs-1056181.Acidovorax-1.fasta,3075914,dave,3888,elviz-contigs-1056181.Acidovorax-1
/work/meta4_bins/data/bins/dave/bins/elviz-contigs-1056220.Comamonadaceae-1.fasta,3762104,dave,2035,elviz-contigs-1056220.Comamonadaceae-1
/work/meta4_bins/data/bins/dave/bins/elviz-contigs-1056226.Burkholderiales-1.fasta,7513098,dave,4454,elviz-contigs-1056226.Burkholderiales-1
/work/meta4_bins/data/bins/dave/bins/elviz-contigs-1056193.Methylophilus-1.fasta,3010101,dave,948,elviz-contigs-1056193.Methylophilus-1
/work/meta4_bins/data/bins/dave/bins/elviz-contigs-1056268.Methylophilus-1.fasta,3093299,dave,213,elviz-contigs-1056268.Methylophilus-1
/work/meta4_bins/data/bins/dave/bins/elviz-contigs-1056073.Methylococcaceae-1.fasta,4611081,dave,1922,elviz-contigs-1056073.Methylococcaceae-1
/work/meta4_bins/data/bins/dave/bins/elviz-contigs-1056079.Methylophilus-1.fasta,4899266,dave,3719,elviz-contigs-1056079.Methylophilus-1
/work/meta4_bins/data/bins/dave/bins/elviz-contigs-1056055.Dechloromonas-1.fasta,1771055,dave,2097,elviz-contigs-1056055.Dechloromonas-1
/work/meta4_bins/data/bins/dave/bins/elviz-contigs-1056253.Methylobacter-2.fasta,3561302,dave,1769,elviz-contigs-1056253.Methylobacter-2
/work/meta4_bins/data/bins/dave/bins/elviz-contigs-1056118.Sphingobacteriales-1.fasta,2303977,dave,2983,elviz-contigs-1056118.Sphingobacteriales-1
/work/meta4_bins/data/bins/dave/bins/elviz-contigs-1056070.Methylobacter-1.fasta,7693120,dave,9487,elviz-contigs-1056070.Methylobacter-1
/work/meta4_bins/data/bins/dave/bins/elviz-contigs-1056088.Methylobacter-1.fasta,6514715,dave,5269,elviz-contigs-1056088.Methylobacter-1
/work/meta4_bins/data/bins/dave/bins/elviz-contigs-1056151.Comamonadaceae-1.fasta,2380423,dave,3082,elviz-contigs-1056151.Comamonadaceae-1
/work/meta4_bins/data/bins/dave/bins/elviz-contigs-1056163.Flavobacterium-1.fasta,1798478,dave,2508,elviz-contigs-1056163.Flavobacterium-1
/work/meta4_bins/data/bins/dave/bins/elviz-contigs-1056073.Methylomonas-1.fasta,5636964,dave,1633,elviz-contigs-1056073.Methylomonas-1
/work/meta4_bins/data/bins/dave/bins/elviz-contigs-1056265.Acidovorax-1.fasta,7886428,dave,3101,elviz-contigs-1056265.Acidovorax-1
/work/meta4_bins/data/bins/dave/bins/elviz-contigs-1056064.Comamonadaceae-1.fasta,2389762,dave,2731,elviz-contigs-1056064.Comamonadaceae-1
/work/meta4_bins/data/bins/dave/bins/elviz-contigs-1056241.Methylophilus-1.fasta,5286409,dave,1814,elviz-contigs-1056241.Methylophilus-1
/work/meta4_bins/data/bins/dave/bins/elviz-contigs-1056085.Sphingobacteriales-1.fasta,4284702,dave,1780,elviz-contigs-1056085.Sphingobacteriales-1
/work/meta4_bins/data/bins/dave/bins/elviz-contigs-1056205.Methylobacter-1.fasta,4031171,dave,4321,elviz-contigs-1056205.Methylobacter-1
/work/meta4_bins/data/bins/dave/bins/elviz-contigs-1056100.Methylomonas-1.fasta,4728610,dave,1711,elviz-contigs-1056100.Methylomonas-1
/work/meta4_bins/data/bins/dave/bins/elviz-contigs-1056253.Acidovorax-1.fasta,4871135,dave,11184,elviz-contigs-1056253.Acidovorax-1
/work/meta4_bins/data/bins/dave/bins/elviz-contigs-1056148.Methylophilus-1.fasta,2905040,dave,78,elviz-contigs-1056148.Methylophilus-1
/work/meta4_bins/data/bins/dave/bins/elviz-contigs-1056016.Flavobacterium-1.fasta,5201335,dave,4020,elviz-contigs-1056016.Flavobacterium-1
/work/meta4_bins/data/bins/dave/bins/elviz-contigs-1056115.Flavobacterium-1.fasta,1478504,dave,2574,elviz-contigs-1056115.Flavobacterium-1
/work/meta4_bins/data/bins/dave/bins/elviz-contigs-1056154.Methylobacter-1.fasta,4299827,dave,2735,elviz-contigs-1056154.Methylobacter-1
/work/meta4_bins/data/bins/dave/bins/elviz-contigs-1056154.Flavobacterium-1.fasta,3533474,dave,3250,elviz-contigs-1056154.Flavobacterium-1
/work/meta4_bins/data/bins/dave/bins/elviz-contigs-1056055.Acidovorax-1.fasta,4654188,dave,5756,elviz-contigs-1056055.Acidovorax-1
/work/meta4_bins/data/bins/dave/bins/elviz-contigs-1056256.Methylotenera-1.fasta,2180695,dave,1514,elviz-contigs-1056256.Methylotenera-1
/work/meta4_bins/data/bins/dave/bins/elviz-contigs-1056022.Rheinheimera-1.fasta,2139981,dave,1735,elviz-contigs-1056022.Rheinheimera-1
/work/meta4_bins/data/bins/dave/bins/elviz-contigs-1056160.Sphingobacteriales-1.fasta,1696182,dave,2002,elviz-contigs-1056160.Sphingobacteriales-1
/work/meta4_bins/data/bins/dave/bins/elviz-contigs-1056226.Methylotenera-1.fasta,4597828,dave,3558,elviz-contigs-1056226.Methylotenera-1
/work/meta4_bins/data/bins/dave/bins/elviz-contigs-1056031.Flavobacterium-1.fasta,2987629,dave,2350,elviz-contigs-1056031.Flavobacterium-1
/work/meta4_bins/data/bins/dave/bins/elviz-contigs-1056166.Methylobacter-1.fasta,6052306,dave,9279,elviz-contigs-1056166.Methylobacter-1
/work/meta4_bins/data/bins/dave/bins/elviz-contigs-1056190.Methylosarcina-1.fasta,2550718,dave,1805,elviz-contigs-1056190.Methylosarcina-1
/work/meta4_bins/data/bins/dave/bins/elviz-contigs-1056097.Burkholderiales-1.fasta,6383268,dave,2977,elviz-contigs-1056097.Burkholderiales-1
/work/meta4_bins/data/bins/dave/bins/elviz-contigs-1056019.Dechloromonas-1.fasta,2505242,dave,1889,elviz-contigs-1056019.Dechloromonas-1
/work/meta4_bins/data/bins/dave/bins/elviz-contigs-1056013.Comamonadaceae-1.fasta,2022224,dave,1990,elviz-contigs-1056013.Comamonadaceae-1
/work/meta4_bins/data/bins/dave/bins/elviz-contigs-1056172.Burkholderiales-1.fasta,4738594,dave,7098,elviz-contigs-1056172.Burkholderiales-1
/work/meta4_bins/data/bins/dave/bins/elviz-contigs-1056250.Acidovorax-1.fasta,4840519,dave,6942,elviz-contigs-1056250.Acidovorax-1
/work/meta4_bins/data/bins/dave/bins/elviz-contigs-1056247.Gammaproteobacteria-1.fasta,2792106,dave,783,elviz-contigs-1056247.Gammaproteobacteria-1
/work/meta4_bins/data/bins/dave/bins/elviz-contigs-1056181.Methylobacter-2.fasta,3476039,dave,1168,elviz-contigs-1056181.Methylobacter-2
/work/meta4_bins/data/bins/dave/bins/elviz-contigs-1056151.Methylobacter-1.fasta,3406939,dave,1755,elviz-contigs-1056151.Methylobacter-1
/work/meta4_bins/data/bins/dave/bins/elviz-contigs-1056127.Methylobacter-1.fasta,4847198,dave,5523,elviz-contigs-1056127.Methylobacter-1
/work/meta4_bins/data/bins/dave/bins/elviz-contigs-1056199.Pseudomonas-1.fasta,5502414,dave,6144,elviz-contigs-1056199.Pseudomonas-1
/work/meta4_bins/data/bins/dave/bins/elviz-contigs-1056016.Gammaproteobacteria-1.fasta,5024689,dave,2900,elviz-contigs-1056016.Gammaproteobacteria-1
/work/meta4_bins/data/bins/dave/bins/elviz-contigs-1056160.Comamonadaceae-1.fasta,3863004,dave,4107,elviz-contigs-1056160.Comamonadaceae-1
/work/meta4_bins/data/bins/dave/bins/elviz-contigs-1056013.Flavobacterium-1.fasta,4649105,dave,3112,elviz-contigs-1056013.Flavobacterium-1
/work/meta4_bins/data/bins/dave/bins/elviz-contigs-1056202.Herbaspirillum-1.fasta,1642561,dave,388,elviz-contigs-1056202.Herbaspirillum-1
/work/meta4_bins/data/bins/dave/bins/elviz-contigs-1056169.Methylobacter-1.fasta,6752891,dave,2759,elviz-contigs-1056169.Methylobacter-1
/work/meta4_bins/data/bins/dave/bins/elviz-contigs-1056130.Comamonadaceae-1.fasta,5555475,dave,3932,elviz-contigs-1056130.Comamonadaceae-1
/work/meta4_bins/data/bins/dave/bins/elviz-contigs-1056046.Methylobacter-1.fasta,7599652,dave,7490,elviz-contigs-1056046.Methylobacter-1
/work/meta4_bins/data/bins/dave/bins/elviz-contigs-1056172.Flavobacterium-1.fasta,1518572,dave,2782,elviz-contigs-1056172.Flavobacterium-1
/work/meta4_bins/data/bins/dave/bins/elviz-contigs-1056100.Methylophilus-1.fasta,2847292,dave,570,elviz-contigs-1056100.Methylophilus-1
/work/meta4_bins/data/bins/dave/bins/elviz-contigs-1056256.Methylobacter-2.fasta,3489679,dave,1810,elviz-contigs-1056256.Methylobacter-2
/work/meta4_bins/data/bins/dave/bins/elviz-contigs-1056112.Bacteriovorax-1.fasta,1840665,dave,1749,elviz-contigs-1056112.Bacteriovorax-1
/work/meta4_bins/data/bins/dave/bins/elviz-contigs-1056067.Methylobacter-1.fasta,6403040,dave,8014,elviz-contigs-1056067.Methylobacter-1
/work/meta4_bins/data/bins/dave/bins/elviz-contigs-1056256.Flavobacterium-1.fasta,3409948,dave,1896,elviz-contigs-1056256.Flavobacterium-1
/work/meta4_bins/data/bins/dave/bins/elviz-contigs-1056097.Methylophilus-2.fasta,2832355,dave,591,elviz-contigs-1056097.Methylophilus-2
/work/meta4_bins/data/bins/dave/bins/elviz-contigs-1056211.Methylotenera-1.fasta,2121891,dave,3740,elviz-contigs-1056211.Methylotenera-1
/work/meta4_bins/data/bins/dave/bins/elviz-contigs-1056121.Methylosarcina-1.fasta,3662455,dave,3605,elviz-contigs-1056121.Methylosarcina-1
/work/meta4_bins/data/bins/dave/bins/elviz-contigs-1056082.Methylosarcina-1.fasta,4042602,dave,2235,elviz-contigs-1056082.Methylosarcina-1
/work/meta4_bins/data/bins/dave/bins/elviz-contigs-1056250.Flavobacterium-1.fasta,1594003,dave,2932,elviz-contigs-1056250.Flavobacterium-1
/work/meta4_bins/data/bins/dave/bins/elviz-contigs-1056223.Methylobacter-1.fasta,4205460,dave,286,elviz-contigs-1056223.Methylobacter-1
/work/meta4_bins/data/bins/dave/bins/elviz-contigs-1056055.Bacteroidetes-1.fasta,2762522,dave,458,elviz-contigs-1056055.Bacteroidetes-1
/work/meta4_bins/data/bins/dave/bins/elviz-contigs-1056100.Methylobacter-1.fasta,7647314,dave,4885,elviz-contigs-1056100.Methylobacter-1
/work/meta4_bins/data/bins/dave/bins/elviz-contigs-1056124.Bacteroidetes-1.fasta,4007590,dave,431,elviz-contigs-1056124.Bacteroidetes-1
/work/meta4_bins/data/bins/dave/bins/elviz-contigs-1056235.Methylotenera-1.fasta,2407750,dave,3940,elviz-contigs-1056235.Methylotenera-1
/work/meta4_bins/data/bins/dave/bins/elviz-contigs-1056121.Methylococcaceae-1.fasta,4890026,dave,998,elviz-contigs-1056121.Methylococcaceae-1
/work/meta4_bins/data/bins/dave/bins/elviz-contigs-1056076.Comamonadaceae-1.fasta,2353791,dave,2352,elviz-contigs-1056076.Comamonadaceae-1
/work/meta4_bins/data/bins/dave/bins/elviz-contigs-1056208.Comamonadaceae-1.fasta,2682189,dave,3446,elviz-contigs-1056208.Comamonadaceae-1
/work/meta4_bins/data/bins/dave/bins/elviz-contigs-1056139.Flavobacterium-1.fasta,1809898,dave,3855,elviz-contigs-1056139.Flavobacterium-1
/work/meta4_bins/data/bins/dave/bins/elviz-contigs-1056199.Methylobacter-1.fasta,2535865,dave,2733,elviz-contigs-1056199.Methylobacter-1
/work/meta4_bins/data/bins/dave/bins/elviz-contigs-1056142.Opitutae-1.fasta,1790168,dave,1297,elviz-contigs-1056142.Opitutae-1
/work/meta4_bins/data/bins/dave/bins/elviz-contigs-1056175.Burkholderiales-1.fasta,5802914,dave,1970,elviz-contigs-1056175.Burkholderiales-1
/work/meta4_bins/data/bins/dave/bins/elviz-contigs-1056112.Opitutae-1.fasta,1465012,dave,1152,elviz-contigs-1056112.Opitutae-1
/work/meta4_bins/data/bins/dave/bins/elviz-contigs-1056082.Burkholderiales-1.fasta,2927242,dave,4049,elviz-contigs-1056082.Burkholderiales-1
/work/meta4_bins/data/bins/dave/bins/elviz-contigs-1056196.Acidovorax-1.fasta,7672985,dave,9471,elviz-contigs-1056196.Acidovorax-1
/work/meta4_bins/data/bins/dave/bins/elviz-contigs-1056193.Bacteriovorax-1.fasta,1702978,dave,23,elviz-contigs-1056193.Bacteriovorax-1
/work/meta4_bins/data/bins/dave/bins/elviz-contigs-1056250.Burkholderiales-1.fasta,6362537,dave,2297,elviz-contigs-1056250.Burkholderiales-1
/work/meta4_bins/data/bins/dave/bins/elviz-contigs-1056199.Methylophilus-1.fasta,5430835,dave,2674,elviz-contigs-1056199.Methylophilus-1
/work/meta4_bins/data/bins/dave/bins/elviz-contigs-1056193.Oxalobacteraceae-1.fasta,3741434,dave,202,elviz-contigs-1056193.Oxalobacteraceae-1
/work/meta4_bins/data/bins/dave/bins/elviz-contigs-1056109.Rhodocyclales-1.fasta,1302137,dave,1012,elviz-contigs-1056109.Rhodocyclales-1
/work/meta4_bins/data/bins/dave/bins/elviz-contigs-1056235.Methylobacter-2.fasta,2626430,dave,4109,elviz-contigs-1056235.Methylobacter-2
/work/meta4_bins/data/bins/dave/bins/elviz-contigs-1056043.Methylotenera-1.fasta,6386653,dave,5985,elviz-contigs-1056043.Methylotenera-1
/work/meta4_bins/data/bins/dave/bins/elviz-contigs-1056070.Comamonadaceae-1.fasta,3669593,dave,3344,elviz-contigs-1056070.Comamonadaceae-1
/work/meta4_bins/data/bins/dave/bins/elviz-contigs-1056019.Flavobacterium-1.fasta,5150154,dave,3522,elviz-contigs-1056019.Flavobacterium-1
/work/meta4_bins/data/bins/dave/bins/elviz-contigs-1056268.Burkholderiales-1.fasta,5815920,dave,2965,elviz-contigs-1056268.Burkholderiales-1
/work/meta4_bins/data/bins/dave/bins/elviz-contigs-1056274.Comamonadaceae-1.fasta,2217709,dave,2513,elviz-contigs-1056274.Comamonadaceae-1
/work/meta4_bins/data/bins/dave/bins/elviz-contigs-1056121.Acidovorax-2.fasta,3231771,dave,3767,elviz-contigs-1056121.Acidovorax-2
/work/meta4_bins/data/bins/dave/bins/elviz-contigs-1056226.Methylophilus-1.fasta,5376396,dave,1628,elviz-contigs-1056226.Methylophilus-1
/work/meta4_bins/data/bins/dave/bins/elviz-contigs-1056172.Acidovorax-1.fasta,2707823,dave,4326,elviz-contigs-1056172.Acidovorax-1
/work/meta4_bins/data/bins/dave/bins/elviz-contigs-1056241.Methylotenera-1.fasta,3055213,dave,2181,elviz-contigs-1056241.Methylotenera-1
/work/meta4_bins/data/bins/dave/bins/elviz-contigs-1056172.Bacteroidetes-1.fasta,3092855,dave,613,elviz-contigs-1056172.Bacteroidetes-1
/work/meta4_bins/data/bins/dave/bins/elviz-contigs-1056091.Flavobacterium-1.fasta,3126404,dave,2529,elviz-contigs-1056091.Flavobacterium-1
/work/meta4_bins/data/bins/dave/bins/elviz-contigs-1056043.Gammaproteobacteria-1.fasta,5801095,dave,2931,elviz-contigs-1056043.Gammaproteobacteria-1
/work/meta4_bins/data/bins/dave/bins/elviz-contigs-1056163.Bacteriovorax-1.fasta,1477497,dave,1494,elviz-contigs-1056163.Bacteriovorax-1
/work/meta4_bins/data/bins/dave/bins/elviz-contigs-1056139.Methylotenera-1.fasta,2681474,dave,2858,elviz-contigs-1056139.Methylotenera-1
/work/meta4_bins/data/bins/dave/bins/elviz-contigs-1056205.Methylobacter-2.fasta,3541619,dave,902,elviz-contigs-1056205.Methylobacter-2
/work/meta4_bins/data/bins/dave/bins/elviz-contigs-1056058.Methylosarcina-1.fasta,2770895,dave,2352,elviz-contigs-1056058.Methylosarcina-1
/work/meta4_bins/data/bins/dave/bins/elviz-contigs-1056205.Acidovorax-1.fasta,4001219,dave,7373,elviz-contigs-1056205.Acidovorax-1
/work/meta4_bins/data/bins/dave/bins/elviz-contigs-1056214.Burkholderiales-1.fasta,5185086,dave,6009,elviz-contigs-1056214.Burkholderiales-1
/work/meta4_bins/data/bins/dave/bins/elviz-contigs-1056076.Acidovorax-1.fasta,8640889,dave,10369,elviz-contigs-1056076.Acidovorax-1
/work/meta4_bins/data/bins/dave/bins/elviz-contigs-1056196.Comamonadaceae-1.fasta,4672142,dave,2661,elviz-contigs-1056196.Comamonadaceae-1
/work/meta4_bins/data/bins/dave/bins/elviz-contigs-1056085.Comamonadaceae-1.fasta,2987474,dave,2690,elviz-contigs-1056085.Comamonadaceae-1
/work/meta4_bins/data/bins/dave/bins/elviz-contigs-1056250.Methylobacter-1.fasta,4112373,dave,381,elviz-contigs-1056250.Methylobacter-1
/work/meta4_bins/data/bins/dave/bins/elviz-contigs-1056247.Delftia-1.fasta,6187961,dave,804,elviz-contigs-1056247.Delftia-1
/work/meta4_bins/data/bins/dave/bins/elviz-contigs-1056091.Rhodocyclales-1.fasta,1048423,dave,1237,elviz-contigs-1056091.Rhodocyclales-1
/work/meta4_bins/data/bins/dave/bins/elviz-contigs-1056028.Methylobacter-1.fasta,3878864,dave,4605,elviz-contigs-1056028.Methylobacter-1
/work/meta4_bins/data/bins/dave/bins/elviz-contigs-1056214.Gammaproteobacteria-1.fasta,2103904,dave,1693,elviz-contigs-1056214.Gammaproteobacteria-1
/work/meta4_bins/data/bins/dave/bins/elviz-contigs-1056157.Flavobacterium-1.fasta,1924498,dave,2422,elviz-contigs-1056157.Flavobacterium-1
/work/meta4_bins/data/bins/dave/bins/elviz-contigs-1056178.Comamonadaceae-1.fasta,6173946,dave,4389,elviz-contigs-1056178.Comamonadaceae-1
/work/meta4_bins/data/bins/dave/bins/elviz-contigs-1056229.Methylobacter-2.fasta,3429908,dave,1465,elviz-contigs-1056229.Methylobacter-2
/work/meta4_bins/data/bins/dave/bins/elviz-contigs-1056175.Gammaproteobacteria-2.fasta,1184286,dave,443,elviz-contigs-1056175.Gammaproteobacteria-2
/work/meta4_bins/data/bins/dave/bins/elviz-contigs-1056244.Methylophilus-1.fasta,2962693,dave,263,elviz-contigs-1056244.Methylophilus-1
/work/meta4_bins/data/bins/dave/bins/elviz-contigs-1056124.Comamonadaceae-1.fasta,2400139,dave,2797,elviz-contigs-1056124.Comamonadaceae-1
/work/meta4_bins/data/bins/dave/bins/elviz-contigs-1056160.Bacteriovorax-1.fasta,1743111,dave,1866,elviz-contigs-1056160.Bacteriovorax-1
/work/meta4_bins/data/bins/dave/bins/elviz-contigs-1056205.Burkholderiales-1.fasta,3518098,dave,6215,elviz-contigs-1056205.Burkholderiales-1
/work/meta4_bins/data/bins/dave/bins/elviz-contigs-1056025.Bacteroidetes-1.fasta,3442816,dave,1521,elviz-contigs-1056025.Bacteroidetes-1
/work/meta4_bins/data/bins/dave/bins/elviz-contigs-1056130.Methylosarcina-1.fasta,4123211,dave,355,elviz-contigs-1056130.Methylosarcina-1
/work/meta4_bins/data/bins/dave/bins/elviz-contigs-1056181.Gammaproteobacteria-1.fasta,3100781,dave,1014,elviz-contigs-1056181.Gammaproteobacteria-1
/work/meta4_bins/data/bins/dave/bins/elviz-contigs-1056157.Acidovorax-1.fasta,6555114,dave,9586,elviz-contigs-1056157.Acidovorax-1
/work/meta4_bins/data/bins/dave/bins/elviz-contigs-1056175.Comamonadaceae-1.fasta,6359360,dave,4584,elviz-contigs-1056175.Comamonadaceae-1
/work/meta4_bins/data/bins/dave/bins/elviz-contigs-1056199.Acidovorax-1.fasta,7560796,dave,8798,elviz-contigs-1056199.Acidovorax-1
/work/meta4_bins/data/bins/dave/bins/elviz-contigs-1056109.Bacteriovorax-1.fasta,2056854,dave,2855,elviz-contigs-1056109.Bacteriovorax-1
/work/meta4_bins/data/bins/dave/bins/elviz-contigs-1056028.Flavobacterium-1.fasta,2639666,dave,4070,elviz-contigs-1056028.Flavobacterium-1
/work/meta4_bins/data/bins/dave/bins/elviz-contigs-1056127.Myxococcales-1.fasta,4886850,dave,73,elviz-contigs-1056127.Myxococcales-1
/work/meta4_bins/data/bins/dave/bins/elviz-contigs-1056124.Methylosarcina-1.fasta,3478121,dave,1570,elviz-contigs-1056124.Methylosarcina-1
/work/meta4_bins/data/bins/dave/bins/elviz-contigs-1056268.Bacteriovorax-1.fasta,4058965,dave,1853,elviz-contigs-1056268.Bacteriovorax-1
/work/meta4_bins/data/bins/dave/bins/elviz-contigs-1056106.Methylobacter-1.fasta,6337924,dave,6417,elviz-contigs-1056106.Methylobacter-1
/work/meta4_bins/data/bins/dave/bins/elviz-contigs-1056262.Flavobacterium-1.fasta,2921720,dave,1186,elviz-contigs-1056262.Flavobacterium-1
/work/meta4_bins/data/bins/dave/bins/elviz-contigs-1056130.Burkholderiales-1.fasta,4648007,dave,5245,elviz-contigs-1056130.Burkholderiales-1
/work/meta4_bins/data/bins/dave/bins/elviz-contigs-1056265.Rhodocyclales-1.fasta,950629,dave,1159,elviz-contigs-1056265.Rhodocyclales-1
/work/meta4_bins/data/bins/dave/bins/elviz-contigs-1056073.Methylobacter-1.fasta,4785145,dave,3631,elviz-contigs-1056073.Methylobacter-1
/work/meta4_bins/data/bins/dave/bins/elviz-contigs-1056217.Bosea-1.fasta,3415160,dave,3377,elviz-contigs-1056217.Bosea-1
/work/meta4_bins/data/bins/dave/bins/elviz-contigs-1056148.Methylotenera-1.fasta,3021556,dave,2632,elviz-contigs-1056148.Methylotenera-1
/work/meta4_bins/data/bins/dave/bins/elviz-contigs-1056190.Emticicia-1.fasta,2352330,dave,1501,elviz-contigs-1056190.Emticicia-1
/work/meta4_bins/data/bins/dave/bins/elviz-contigs-1056175.Methylophilus-1.fasta,5646505,dave,6212,elviz-contigs-1056175.Methylophilus-1
/work/meta4_bins/data/bins/dave/bins/elviz-contigs-1056244.Oxalobacteraceae-1.fasta,7198936,dave,2530,elviz-contigs-1056244.Oxalobacteraceae-1
/work/meta4_bins/data/bins/dave/bins/elviz-contigs-1056022.Methylobacter-1.fasta,8209929,dave,7434,elviz-contigs-1056022.Methylobacter-1
/work/meta4_bins/data/bins/dave/bins/elviz-contigs-1056040.Gammaproteobacteria-1.fasta,6637822,dave,3017,elviz-contigs-1056040.Gammaproteobacteria-1
/work/meta4_bins/data/bins/dave/bins/elviz-contigs-1056121.Methylovulum-1.fasta,4076154,dave,1306,elviz-contigs-1056121.Methylovulum-1
/work/meta4_bins/data/bins/dave/bins/elviz-contigs-1056181.Comamonadaceae-1.fasta,4679980,dave,5240,elviz-contigs-1056181.Comamonadaceae-1
/work/meta4_bins/data/bins/dave/bins/elviz-contigs-1056124.Methylotenera-1.fasta,2729552,dave,4136,elviz-contigs-1056124.Methylotenera-1
/work/meta4_bins/data/bins/dave/bins/elviz-contigs-1056217.Methylotenera-1.fasta,5268385,dave,5781,elviz-contigs-1056217.Methylotenera-1
/work/meta4_bins/data/bins/dave/bins/elviz-contigs-1056157.Sphingobacteriales-1.fasta,3538317,dave,137,elviz-contigs-1056157.Sphingobacteriales-1
/work/meta4_bins/data/bins/dave/bins/elviz-contigs-1056247.Methylophilus-2.fasta,3304353,dave,1647,elviz-contigs-1056247.Methylophilus-2
/work/meta4_bins/data/bins/dave/bins/elviz-contigs-1056133.Comamonadaceae-1.fasta,4739535,dave,3159,elviz-contigs-1056133.Comamonadaceae-1
/work/meta4_bins/data/bins/dave/bins/elviz-contigs-1056031.Bacteriovorax-1.fasta,1324926,dave,832,elviz-contigs-1056031.Bacteriovorax-1
/work/meta4_bins/data/bins/dave/bins/elviz-contigs-1056253.Gammaproteobacteria-1.fasta,3185369,dave,314,elviz-contigs-1056253.Gammaproteobacteria-1
/work/meta4_bins/data/bins/dave/bins/elviz-contigs-1056166.Herbaspirillum-1.fasta,1776182,dave,432,elviz-contigs-1056166.Herbaspirillum-1
/work/meta4_bins/data/bins/dave/bins/elviz-contigs-1056016.Comamonadaceae-1.fasta,2903717,dave,2844,elviz-contigs-1056016.Comamonadaceae-1
/work/meta4_bins/data/bins/dave/bins/elviz-contigs-1056154.Methylotenera-1.fasta,1430108,dave,1629,elviz-contigs-1056154.Methylotenera-1
/work/meta4_bins/data/bins/dave/bins/elviz-contigs-1056025.Rheinheimera-1.fasta,3030157,dave,2514,elviz-contigs-1056025.Rheinheimera-1
/work/meta4_bins/data/bins/dave/bins/elviz-contigs-1056064.Methylobacter-1.fasta,8563188,dave,9978,elviz-contigs-1056064.Methylobacter-1
/work/meta4_bins/data/bins/dave/bins/elviz-contigs-1056133.Flavobacterium-1.fasta,2332076,dave,1906,elviz-contigs-1056133.Flavobacterium-1
/work/meta4_bins/data/bins/dave/bins/elviz-contigs-1056202.Pseudomonas-1.fasta,12771048,dave,6511,elviz-contigs-1056202.Pseudomonas-1
/work/meta4_bins/data/bins/dave/bins/elviz-contigs-1056229.Flavobacterium-1.fasta,2923983,dave,152,elviz-contigs-1056229.Flavobacterium-1
/work/meta4_bins/data/bins/dave/bins/elviz-contigs-1056265.Methylophilus-1.fasta,2758351,dave,1005,elviz-contigs-1056265.Methylophilus-1
/work/meta4_bins/data/bins/dave/bins/elviz-contigs-1056142.Methylobacter-1.fasta,4937328,dave,6827,elviz-contigs-1056142.Methylobacter-1
/work/meta4_bins/data/bins/dave/bins/elviz-contigs-1056073.Burkholderiales-1.fasta,3862899,dave,1756,elviz-contigs-1056073.Burkholderiales-1
/work/meta4_bins/data/bins/dave/bins/elviz-contigs-1056121.Methylophilaceae-1.fasta,2726346,dave,813,elviz-contigs-1056121.Methylophilaceae-1
/work/meta4_bins/data/bins/dave/bins/elviz-contigs-1056187.Burkholderiales-1.fasta,4495818,dave,3480,elviz-contigs-1056187.Burkholderiales-1
/work/meta4_bins/data/bins/dave/bins/elviz-contigs-1056082.Methylobacter-1.fasta,6743134,dave,7569,elviz-contigs-1056082.Methylobacter-1
/work/meta4_bins/data/bins/dave/bins/elviz-contigs-1056022.Bacteriovorax-1.fasta,2144543,dave,118,elviz-contigs-1056022.Bacteriovorax-1
/work/meta4_bins/data/bins/dave/bins/elviz-contigs-1056040.Methylobacter-1.fasta,7633115,dave,7005,elviz-contigs-1056040.Methylobacter-1
/work/meta4_bins/data/bins/dave/bins/elviz-contigs-1056133.Sphingobacteriales-1.fasta,3508911,dave,235,elviz-contigs-1056133.Sphingobacteriales-1
/work/meta4_bins/data/bins/dave/bins/elviz-contigs-1056208.Flavobacterium-1.fasta,1402064,dave,3060,elviz-contigs-1056208.Flavobacterium-1
/work/meta4_bins/data/bins/dave/bins/elviz-contigs-1056151.Methylophilus-1.fasta,2915476,dave,94,elviz-contigs-1056151.Methylophilus-1
/work/meta4_bins/data/bins/dave/bins/elviz-contigs-1056064.Methylotenera-1.fasta,4253428,dave,5662,elviz-contigs-1056064.Methylotenera-1
/work/meta4_bins/data/bins/dave/bins/elviz-contigs-1056169.Gammaproteobacteria-1.fasta,4205589,dave,2945,elviz-contigs-1056169.Gammaproteobacteria-1
/work/meta4_bins/data/bins/dave/bins/elviz-contigs-1056088.Opitutae-1.fasta,1732897,dave,697,elviz-contigs-1056088.Opitutae-1
/work/meta4_bins/data/bins/dave/bins/elviz-contigs-1056088.Sphingobacteriales-1.fasta,2693403,dave,3267,elviz-contigs-1056088.Sphingobacteriales-1
/work/meta4_bins/data/bins/dave/bins/elviz-contigs-1056223.Burkholderiales-1.fasta,4999678,dave,8654,elviz-contigs-1056223.Burkholderiales-1
/work/meta4_bins/data/bins/dave/bins/elviz-contigs-1056109.Sphingobacteriales-1.fasta,3717227,dave,775,elviz-contigs-1056109.Sphingobacteriales-1
/work/meta4_bins/data/bins/dave/bins/elviz-contigs-1056061.Flavobacterium-1.fasta,2998425,dave,2885,elviz-contigs-1056061.Flavobacterium-1
/work/meta4_bins/data/bins/dave/bins/elviz-contigs-1056124.Burkholderiales-1.fasta,5424557,dave,8036,elviz-contigs-1056124.Burkholderiales-1
/work/meta4_bins/data/bins/dave/bins/elviz-contigs-1056097.Flavobacterium-1.fasta,3057692,dave,936,elviz-contigs-1056097.Flavobacterium-1
/work/meta4_bins/data/bins/dave/bins/elviz-contigs-1056271.Opitutae-1.fasta,1222912,dave,191,elviz-contigs-1056271.Opitutae-1
/work/meta4_bins/data/bins/dave/bins/elviz-contigs-1056274.Burkholderiales-1.fasta,6004706,dave,996,elviz-contigs-1056274.Burkholderiales-1
/work/meta4_bins/data/bins/dave/bins/elviz-contigs-1056163.Burkholderiales-1.fasta,3686925,dave,3580,elviz-contigs-1056163.Burkholderiales-1
/work/meta4_bins/data/bins/dave/bins/elviz-contigs-1056031.Rheinheimera-1.fasta,2532145,dave,1858,elviz-contigs-1056031.Rheinheimera-1
/work/meta4_bins/data/bins/dave/bins/elviz-contigs-1056175.Methylotenera-1.fasta,2236066,dave,3075,elviz-contigs-1056175.Methylotenera-1
/work/meta4_bins/data/bins/dave/bins/elviz-contigs-1056034.Fluviicola-1.fasta,2101520,dave,571,elviz-contigs-1056034.Fluviicola-1
/work/meta4_bins/data/bins/dave/bins/elviz-contigs-1056241.Sphingobacteriales-1.fasta,3225840,dave,2515,elviz-contigs-1056241.Sphingobacteriales-1
/work/meta4_bins/data/bins/dave/bins/elviz-contigs-1056259.Methylobacter-1.fasta,5904834,dave,10922,elviz-contigs-1056259.Methylobacter-1
/work/meta4_bins/data/bins/dave/bins/elviz-contigs-1056079.Comamonadaceae-1.fasta,2291746,dave,2237,elviz-contigs-1056079.Comamonadaceae-1
/work/meta4_bins/data/bins/dave/bins/elviz-contigs-1056118.Rhodocyclales-1.fasta,872498,dave,1180,elviz-contigs-1056118.Rhodocyclales-1
/work/meta4_bins/data/bins/dave/bins/elviz-contigs-1056253.Flavobacterium-1.fasta,3311586,dave,2026,elviz-contigs-1056253.Flavobacterium-1
/work/meta4_bins/data/bins/dave/bins/elviz-contigs-1056205.Comamonadaceae-1.fasta,3927777,dave,5657,elviz-contigs-1056205.Comamonadaceae-1
/work/meta4_bins/data/bins/dave/bins/elviz-contigs-1056262.Burkholderiales-1.fasta,7227980,dave,8827,elviz-contigs-1056262.Burkholderiales-1
/work/meta4_bins/data/bins/dave/bins/elviz-contigs-1056142.Comamonadaceae-1.fasta,4674326,dave,2538,elviz-contigs-1056142.Comamonadaceae-1
/work/meta4_bins/data/bins/dave/bins/elviz-contigs-1056190.Burkholderiales-1.fasta,9111656,dave,6653,elviz-contigs-1056190.Burkholderiales-1
/work/meta4_bins/data/bins/dave/bins/elviz-contigs-1056046.Gammaproteobacteria-1.fasta,5972786,dave,3171,elviz-contigs-1056046.Gammaproteobacteria-1
/work/meta4_bins/data/bins/dave/bins/elviz-contigs-1056064.Opitutae-1.fasta,1466174,dave,378,elviz-contigs-1056064.Opitutae-1
/work/meta4_bins/data/bins/dave/bins/elviz-contigs-1056238.Gammaproteobacteria-1.fasta,3003086,dave,271,elviz-contigs-1056238.Gammaproteobacteria-1
/work/meta4_bins/data/bins/dave/bins/elviz-contigs-1056178.Gammaproteobacteria-1.fasta,1080070,dave,443,elviz-contigs-1056178.Gammaproteobacteria-1
/work/meta4_bins/data/bins/dave/bins/elviz-contigs-1056055.Methylobacter-1.fasta,3998315,dave,3985,elviz-contigs-1056055.Methylobacter-1
/work/meta4_bins/data/bins/dave/bins/elviz-contigs-1056232.Methylophilus-1.fasta,2767557,dave,1316,elviz-contigs-1056232.Methylophilus-1
/work/meta4_bins/data/bins/dave/bins/elviz-contigs-1056154.Oxalobacteraceae-1.fasta,4300886,dave,244,elviz-contigs-1056154.Oxalobacteraceae-1
/work/meta4_bins/data/bins/dave/bins/elviz-contigs-1056034.Bacteroidetes-1.fasta,4626620,dave,1078,elviz-contigs-1056034.Bacteroidetes-1
/work/meta4_bins/data/bins/dave/bins/elviz-contigs-1056223.Acidovorax-1.fasta,4395910,dave,7731,elviz-contigs-1056223.Acidovorax-1
/work/meta4_bins/data/bins/dave/bins/elviz-contigs-1056256.Acidovorax-1.fasta,5383600,dave,11416,elviz-contigs-1056256.Acidovorax-1
/work/meta4_bins/data/bins/dave/bins/elviz-contigs-1056262.Methylobacter-1.fasta,4112037,dave,5472,elviz-contigs-1056262.Methylobacter-1
/work/meta4_bins/data/bins/dave/bins/elviz-contigs-1056127.Comamonadaceae-1.fasta,2750151,dave,3461,elviz-contigs-1056127.Comamonadaceae-1
/work/meta4_bins/data/bins/dave/bins/elviz-contigs-1056076.Burkholderiales-1.fasta,2935147,dave,3191,elviz-contigs-1056076.Burkholderiales-1
/work/meta4_bins/data/bins/dave/bins/elviz-contigs-1056019.Gammaproteobacteria-1.fasta,4013556,dave,2602,elviz-contigs-1056019.Gammaproteobacteria-1
/work/meta4_bins/data/bins/dave/bins/elviz-contigs-1056229.Methylobacter-1.fasta,4673785,dave,6872,elviz-contigs-1056229.Methylobacter-1
/work/meta4_bins/data/bins/dave/bins/elviz-contigs-1056091.Opitutae-1.fasta,1428945,dave,708,elviz-contigs-1056091.Opitutae-1
/work/meta4_bins/data/bins/dave/bins/elviz-contigs-1056127.Acidovorax-1.fasta,4985307,dave,6701,elviz-contigs-1056127.Acidovorax-1
/work/meta4_bins/data/bins/dave/bins/elviz-contigs-1056028.Bacteroidetes-1.fasta,2333199,dave,1150,elviz-contigs-1056028.Bacteroidetes-1
/work/meta4_bins/data/bins/dave/bins/elviz-contigs-1056148.Methylosarcina-1.fasta,3409661,dave,1797,elviz-contigs-1056148.Methylosarcina-1
/work/meta4_bins/data/bins/dave/bins/elviz-contigs-1056028.Bacteriovorax-1.fasta,1484358,dave,1807,elviz-contigs-1056028.Bacteriovorax-1
/work/meta4_bins/data/bins/dave/bins/elviz-contigs-1056244.Methylobacter-1.fasta,3958032,dave,6136,elviz-contigs-1056244.Methylobacter-1
/work/meta4_bins/data/bins/dave/bins/elviz-contigs-1056067.Gammaproteobacteria-1.fasta,2829547,dave,2170,elviz-contigs-1056067.Gammaproteobacteria-1
/work/meta4_bins/data/bins/dave/bins/elviz-contigs-1056139.Acidovorax-1.fasta,3499283,dave,5410,elviz-contigs-1056139.Acidovorax-1
/work/meta4_bins/data/bins/dave/bins/elviz-contigs-1056226.Acidovorax-1.fasta,7002945,dave,8967,elviz-contigs-1056226.Acidovorax-1
/work/meta4_bins/data/bins/dave/bins/elviz-contigs-1056232.Methylobacter-1.fasta,3610476,dave,2425,elviz-contigs-1056232.Methylobacter-1
/work/meta4_bins/data/bins/dave/bins/elviz-contigs-1056163.Comamonadaceae-1.fasta,5875173,dave,3161,elviz-contigs-1056163.Comamonadaceae-1
/work/meta4_bins/data/bins/dave/bins/elviz-contigs-1056190.Curvibacter-1.fasta,6296237,dave,910,elviz-contigs-1056190.Curvibacter-1
/work/meta4_bins/data/bins/dave/bins/elviz-contigs-1056019.Bacteriovorax-1.fasta,2678528,dave,1328,elviz-contigs-1056019.Bacteriovorax-1
/work/meta4_bins/data/bins/dave/bins/elviz-contigs-1056244.Flavobacterium-1.fasta,2104034,dave,2150,elviz-contigs-1056244.Flavobacterium-1
/work/meta4_bins/data/bins/dave/bins/elviz-contigs-1056229.Burkholderiales-1.fasta,2738909,dave,4662,elviz-contigs-1056229.Burkholderiales-1
/work/meta4_bins/data/bins/dave/bins/elviz-contigs-1056202.Methylophilus-1.fasta,3081737,dave,803,elviz-contigs-1056202.Methylophilus-1
/work/meta4_bins/data/bins/dave/bins/elviz-contigs-1056229.Gammaproteobacteria-1.fasta,3151347,dave,387,elviz-contigs-1056229.Gammaproteobacteria-1
/work/meta4_bins/data/bins/dave/bins/elviz-contigs-1056136.Sphingobacteriales-1.fasta,4612294,dave,1932,elviz-contigs-1056136.Sphingobacteriales-1
/work/meta4_bins/data/bins/dave/bins/elviz-contigs-1056070.Gammaproteobacteria-1.fasta,3693394,dave,2131,elviz-contigs-1056070.Gammaproteobacteria-1
/work/meta4_bins/data/bins/dave/bins/elviz-contigs-1056226.Sphingobacteriales-1.fasta,2991575,dave,717,elviz-contigs-1056226.Sphingobacteriales-1
/work/meta4_bins/data/bins/dave/bins/elviz-contigs-1056046.Bacteroidetes-1.fasta,7157847,dave,617,elviz-contigs-1056046.Bacteroidetes-1
/work/meta4_bins/data/bins/dave/bins/elviz-contigs-1056223.Delftia-1.fasta,4295948,dave,5300,elviz-contigs-1056223.Delftia-1
/work/meta4_bins/data/bins/dave/bins/elviz-contigs-1056265.Methylotenera-1.fasta,1905006,dave,2055,elviz-contigs-1056265.Methylotenera-1
/work/meta4_bins/data/bins/dave/bins/elviz-contigs-1056163.Methylobacter-1.fasta,5076519,dave,6414,elviz-contigs-1056163.Methylobacter-1
/work/meta4_bins/data/bins/dave/bins/elviz-contigs-1056034.Comamonadaceae-1.fasta,2966307,dave,2776,elviz-contigs-1056034.Comamonadaceae-1
/work/meta4_bins/data/bins/dave/bins/elviz-contigs-1056148.Comamonadaceae-1.fasta,4226124,dave,4012,elviz-contigs-1056148.Comamonadaceae-1
/work/meta4_bins/data/bins/dave/bins/elviz-contigs-1056250.Methylotenera-1.fasta,3474142,dave,5812,elviz-contigs-1056250.Methylotenera-1
/work/meta4_bins/data/bins/dave/bins/elviz-contigs-1056205.Flavobacterium-1.fasta,3689492,dave,2798,elviz-contigs-1056205.Flavobacterium-1
/work/meta4_bins/data/bins/dave/bins/elviz-contigs-1056013.Gammaproteobacteria-1.fasta,5571990,dave,2974,elviz-contigs-1056013.Gammaproteobacteria-1
/work/meta4_bins/data/bins/dave/bins/elviz-contigs-1056256.Gammaproteobacteria-1.fasta,3141032,dave,289,elviz-contigs-1056256.Gammaproteobacteria-1
/work/meta4_bins/data/bins/dave/bins/elviz-contigs-1056067.Flavobacterium-1.fasta,1784357,dave,2114,elviz-contigs-1056067.Flavobacterium-1
/work/meta4_bins/data/bins/dave/bins/elviz-contigs-1056022.Comamonadaceae-1.fasta,1762692,dave,1638,elviz-contigs-1056022.Comamonadaceae-1
/work/meta4_bins/data/bins/dave/bins/elviz-contigs-1056178.Methylotenera-1.fasta,2177272,dave,3083,elviz-contigs-1056178.Methylotenera-1
/work/meta4_bins/data/bins/dave/bins/elviz-contigs-1056109.Flavobacterium-1.fasta,2723653,dave,1313,elviz-contigs-1056109.Flavobacterium-1
/work/meta4_bins/data/bins/dave/bins/elviz-contigs-1056013.Dechloromonas-1.fasta,1805462,dave,1523,elviz-contigs-1056013.Dechloromonas-1
/work/meta4_bins/data/bins/dave/bins/elviz-contigs-1056241.Curvibacter-1.fasta,6057752,dave,1342,elviz-contigs-1056241.Curvibacter-1
/work/meta4_bins/data/bins/dave/bins/elviz-contigs-1056235.Methylophilus-1.fasta,2142664,dave,2426,elviz-contigs-1056235.Methylophilus-1
/work/meta4_bins/data/bins/dave/bins/elviz-contigs-1056142.Sphingobacteriales-1.fasta,3717053,dave,3237,elviz-contigs-1056142.Sphingobacteriales-1
/work/meta4_bins/data/bins/dave/bins/elviz-contigs-1056124.Flectobacillus-1.fasta,2568432,dave,2262,elviz-contigs-1056124.Flectobacillus-1
/work/meta4_bins/data/bins/dave/bins/elviz-contigs-1056100.Burkholderiales-1.fasta,5311438,dave,2845,elviz-contigs-1056100.Burkholderiales-1
/work/meta4_bins/data/bins/dave/bins/elviz-contigs-1056040.Methylotenera-1.fasta,6135168,dave,6212,elviz-contigs-1056040.Methylotenera-1
/work/meta4_bins/data/bins/dave/bins/elviz-contigs-1056208.Methylophilus-1.fasta,2923251,dave,114,elviz-contigs-1056208.Methylophilus-1
/work/meta4_bins/data/bins/dave/bins/elviz-contigs-1056118.Bacteriovorax-1.fasta,1962062,dave,1699,elviz-contigs-1056118.Bacteriovorax-1
/work/meta4_bins/data/bins/dave/bins/elviz-contigs-1056184.Gammaproteobacteria-1.fasta,3078504,dave,430,elviz-contigs-1056184.Gammaproteobacteria-1
/work/meta4_bins/data/bins/dave/bins/elviz-contigs-1056247.Comamonadaceae-1.fasta,3620215,dave,2741,elviz-contigs-1056247.Comamonadaceae-1
/work/meta4_bins/data/bins/dave/bins/elviz-contigs-1056184.Methylophilus-1.fasta,2909295,dave,83,elviz-contigs-1056184.Methylophilus-1
/work/meta4_bins/data/bins/dave/bins/elviz-contigs-1056262.Methylotenera-1.fasta,4639884,dave,3299,elviz-contigs-1056262.Methylotenera-1
/work/meta4_bins/data/bins/dave/bins/elviz-contigs-1056121.Comamonadaceae-2.fasta,2881263,dave,2858,elviz-contigs-1056121.Comamonadaceae-2
/work/meta4_bins/data/bins/dave/bins/elviz-contigs-1056022.Bdellovibrio-1.fasta,1486756,dave,1073,elviz-contigs-1056022.Bdellovibrio-1
/work/meta4_bins/data/bins/dave/bins/elviz-contigs-1056238.Methylobacter-1.fasta,4363803,dave,6154,elviz-contigs-1056238.Methylobacter-1
/work/meta4_bins/data/bins/dave/bins/elviz-contigs-1056214.Methylobacter-1.fasta,3838787,dave,4679,elviz-contigs-1056214.Methylobacter-1
/work/meta4_bins/data/bins/dave/bins/elviz-contigs-1056028.Comamonadaceae-1.fasta,2178716,dave,2727,elviz-contigs-1056028.Comamonadaceae-1
/work/meta4_bins/data/bins/dave/bins/elviz-contigs-1056133.Bacteriovorax-1.fasta,2050634,dave,469,elviz-contigs-1056133.Bacteriovorax-1
/work/meta4_bins/data/bins/dave/bins/elviz-contigs-1056025.Methylococcaceae-1.fasta,2844261,dave,1717,elviz-contigs-1056025.Methylococcaceae-1
/work/meta4_bins/data/bins/dave/bins/elviz-contigs-1056049.Methylophilus-1.fasta,5322346,dave,1961,elviz-contigs-1056049.Methylophilus-1
/work/meta4_bins/data/bins/dave/bins/elviz-contigs-1056145.Comamonadaceae-1.fasta,2375722,dave,2263,elviz-contigs-1056145.Comamonadaceae-1
/work/meta4_bins/data/bins/dave/bins/elviz-contigs-1056271.Burkholderiales-1.fasta,4912486,dave,6546,elviz-contigs-1056271.Burkholderiales-1
/work/meta4_bins/data/bins/dave/bins/elviz-contigs-1056169.Acidovorax-1.fasta,8257013,dave,8145,elviz-contigs-1056169.Acidovorax-1
/work/meta4_bins/data/bins/dave/bins/elviz-contigs-1056253.Comamonadaceae-1.fasta,3482238,dave,6561,elviz-contigs-1056253.Comamonadaceae-1
/work/meta4_bins/data/bins/dave/bins/elviz-contigs-1056184.Comamonadaceae-1.fasta,3656683,dave,5159,elviz-contigs-1056184.Comamonadaceae-1
/work/meta4_bins/data/bins/dave/bins/elviz-contigs-1056103.Methylophilus-1.fasta,5120854,dave,4447,elviz-contigs-1056103.Methylophilus-1
/work/meta4_bins/data/bins/dave/bins/elviz-contigs-1056034.Bacteriovorax-1.fasta,2397133,dave,1870,elviz-contigs-1056034.Bacteriovorax-1
/work/meta4_bins/data/bins/dave/bins/elviz-contigs-1056229.Acidovorax-1.fasta,5114238,dave,9119,elviz-contigs-1056229.Acidovorax-1
/work/meta4_bins/data/bins/dave/bins/elviz-contigs-1056238.Curvibacter-1.fasta,4036767,dave,5140,elviz-contigs-1056238.Curvibacter-1
/work/meta4_bins/data/bins/dave/bins/elviz-contigs-1056130.Methylobacter-1.fasta,4592530,dave,5921,elviz-contigs-1056130.Methylobacter-1
/work/meta4_bins/data/bins/dave/bins/elviz-contigs-1056013.Methylotenera-1.fasta,5065235,dave,4825,elviz-contigs-1056013.Methylotenera-1
/work/meta4_bins/data/bins/dave/bins/elviz-contigs-1056178.Methylobacter-1.fasta,5473734,dave,9257,elviz-contigs-1056178.Methylobacter-1
/work/meta4_bins/data/bins/dave/bins/elviz-contigs-1056049.Sphingobacteriales-1.fasta,1204816,dave,67,elviz-contigs-1056049.Sphingobacteriales-1
/work/meta4_bins/data/bins/dave/bins/elviz-contigs-1056067.Opitutae-1.fasta,2514517,dave,1329,elviz-contigs-1056067.Opitutae-1
/work/meta4_bins/data/bins/dave/bins/elviz-contigs-1056088.Bacteriovorax-1.fasta,3073545,dave,2076,elviz-contigs-1056088.Bacteriovorax-1
/work/meta4_bins/data/bins/dave/bins/elviz-contigs-1056070.Opitutae-1.fasta,1137915,dave,383,elviz-contigs-1056070.Opitutae-1
/work/meta4_bins/data/bins/dave/bins/elviz-contigs-1056094.Comamonadaceae-1.fasta,2144149,dave,2201,elviz-contigs-1056094.Comamonadaceae-1
/work/meta4_bins/data/bins/dave/bins/elviz-contigs-1056139.Methylobacter-1.fasta,7000558,dave,12676,elviz-contigs-1056139.Methylobacter-1
/work/meta4_bins/data/bins/dave/bins/elviz-contigs-1056220.Bacteriovorax-1.fasta,1863221,dave,24,elviz-contigs-1056220.Bacteriovorax-1
/work/meta4_bins/data/bins/dave/bins/elviz-contigs-1056145.Curvibacter-1.fasta,5887116,dave,1512,elviz-contigs-1056145.Curvibacter-1
/work/meta4_bins/data/bins/dave/bins/elviz-contigs-1056100.Flavobacterium-1.fasta,2767289,dave,405,elviz-contigs-1056100.Flavobacterium-1
/work/meta4_bins/data/bins/dave/bins/elviz-contigs-1056238.Flavobacterium-1.fasta,4980877,dave,2618,elviz-contigs-1056238.Flavobacterium-1
/work/meta4_bins/data/bins/dave/bins/elviz-contigs-1056217.Methylophilus-1.fasta,5424759,dave,1960,elviz-contigs-1056217.Methylophilus-1
/work/meta4_bins/data/bins/dave/bins/elviz-contigs-1056145.Methylophilus-1.fasta,2519163,dave,462,elviz-contigs-1056145.Methylophilus-1
/work/meta4_bins/data/bins/dave/bins/elviz-contigs-1056265.Methylophilus-2.fasta,2629104,dave,991,elviz-contigs-1056265.Methylophilus-2
/work/meta4_bins/data/bins/dave/bins/elviz-contigs-1056148.Bacteroidetes-1.fasta,5395008,dave,1576,elviz-contigs-1056148.Bacteroidetes-1
/work/meta4_bins/data/bins/dave/bins/elviz-contigs-1056145.Gammaproteobacteria-3.fasta,1009984,dave,654,elviz-contigs-1056145.Gammaproteobacteria-3
/work/meta4_bins/data/bins/dave/bins/elviz-contigs-1056034.Methylobacter-1.fasta,4930136,dave,4284,elviz-contigs-1056034.Methylobacter-1
/work/meta4_bins/data/bins/dave/bins/elviz-contigs-1056136.Rhodocyclales-1.fasta,957470,dave,1167,elviz-contigs-1056136.Rhodocyclales-1
/work/meta4_bins/data/bins/dave/bins/elviz-contigs-1056145.Methylotenera-1.fasta,2484624,dave,1259,elviz-contigs-1056145.Methylotenera-1
/work/meta4_bins/data/bins/dave/bins/elviz-contigs-1056061.Comamonadaceae-1.fasta,2188118,dave,2753,elviz-contigs-1056061.Comamonadaceae-1
/work/meta4_bins/data/bins/dave/bins/elviz-contigs-1056067.Methylotenera-1.fasta,3596706,dave,4142,elviz-contigs-1056067.Methylotenera-1
/work/meta4_bins/data/bins/dave/bins/elviz-contigs-1056157.Rhodocyclales-1.fasta,1046969,dave,1538,elviz-contigs-1056157.Rhodocyclales-1
/work/meta4_bins/data/bins/dave/bins/elviz-contigs-1056115.Bacteriovorax-1.fasta,1588016,dave,25,elviz-contigs-1056115.Bacteriovorax-1
/work/meta4_bins/data/bins/dave/bins/elviz-contigs-1056085.Acidovorax-1.fasta,3440689,dave,3819,elviz-contigs-1056085.Acidovorax-1
/work/meta4_bins/data/bins/dave/bins/elviz-contigs-1056241.Rhodocyclales-1.fasta,836976,dave,872,elviz-contigs-1056241.Rhodocyclales-1
/work/meta4_bins/data/bins/dave/bins/elviz-contigs-1056121.Burkholderiales-1.fasta,7287625,dave,5013,elviz-contigs-1056121.Burkholderiales-1
/work/meta4_bins/data/bins/dave/bins/elviz-contigs-1056262.Gammaproteobacteria-1.fasta,2728128,dave,582,elviz-contigs-1056262.Gammaproteobacteria-1
/work/meta4_bins/data/bins/dave/bins/elviz-contigs-1056076.Methylophilus-1.fasta,2901233,dave,103,elviz-contigs-1056076.Methylophilus-1
/work/meta4_bins/data/bins/dave/bins/elviz-contigs-1056100.Methylophilus-2.fasta,2942242,dave,701,elviz-contigs-1056100.Methylophilus-2
/work/meta4_bins/data/bins/dave/bins/elviz-contigs-1056097.Methylosarcina-1.fasta,3710458,dave,3461,elviz-contigs-1056097.Methylosarcina-1
/work/meta4_bins/data/bins/dave/bins/elviz-contigs-1056166.Sphingobacteriales-1.fasta,3067572,dave,964,elviz-contigs-1056166.Sphingobacteriales-1
/work/meta4_bins/data/bins/dave/bins/elviz-contigs-1056187.Methylotenera-1.fasta,2506780,dave,2892,elviz-contigs-1056187.Methylotenera-1
/work/meta4_bins/data/bins/dave/bins/elviz-contigs-1056055.Methylosarcina-1.fasta,4703165,dave,3732,elviz-contigs-1056055.Methylosarcina-1
/work/meta4_bins/data/bins/dave/bins/elviz-contigs-1056097.Methylovulum-1.fasta,3140988,dave,2720,elviz-contigs-1056097.Methylovulum-1
/work/meta4_bins/data/bins/dave/bins/elviz-contigs-1056190.Methylophilus-1.fasta,5336401,dave,1455,elviz-contigs-1056190.Methylophilus-1
/work/meta4_bins/data/bins/dave/bins/elviz-contigs-1056271.Flavobacterium-1.fasta,2803326,dave,4491,elviz-contigs-1056271.Flavobacterium-1
/work/meta4_bins/data/bins/dave/bins/elviz-contigs-1056127.Methylosarcina-1.fasta,4224794,dave,277,elviz-contigs-1056127.Methylosarcina-1
/work/meta4_bins/data/bins/dave/bins/elviz-contigs-1056274.Acidovorax-1.fasta,5961646,dave,6036,elviz-contigs-1056274.Acidovorax-1
/work/meta4_bins/data/bins/dave/bins/elviz-contigs-1056166.Comamonadaceae-1.fasta,3604910,dave,2151,elviz-contigs-1056166.Comamonadaceae-1
/work/meta4_bins/data/bins/dave/bins/elviz-contigs-1056043.Bacteriovorax-1.fasta,2370860,dave,1652,elviz-contigs-1056043.Bacteriovorax-1
/work/meta4_bins/data/bins/dave/bins/elviz-contigs-1056211.Methylophilus-1.fasta,3812064,dave,2102,elviz-contigs-1056211.Methylophilus-1
/work/meta4_bins/data/bins/dave/bins/elviz-contigs-1056106.Methylosarcina-1.fasta,3891435,dave,580,elviz-contigs-1056106.Methylosarcina-1
/work/meta4_bins/data/bins/dave/bins/elviz-contigs-1056256.Comamonadaceae-1.fasta,3838324,dave,6677,elviz-contigs-1056256.Comamonadaceae-1
/work/meta4_bins/data/bins/dave/bins/elviz-contigs-1056193.Comamonadaceae-1.fasta,4236322,dave,3628,elviz-contigs-1056193.Comamonadaceae-1
/work/meta4_bins/data/bins/dave/bins/elviz-contigs-1056097.Methylococcaceae-1.fasta,5004756,dave,2397,elviz-contigs-1056097.Methylococcaceae-1
/work/meta4_bins/data/bins/dave/bins/elviz-contigs-1056082.Flavobacterium-1.fasta,1801843,dave,2082,elviz-contigs-1056082.Flavobacterium-1
/work/meta4_bins/data/bins/dave/bins/elviz-contigs-1056202.Methylobacter-1.fasta,5251172,dave,7213,elviz-contigs-1056202.Methylobacter-1
/work/meta4_bins/data/bins/dave/bins/elviz-contigs-1056229.Methylotenera-1.fasta,3731808,dave,4292,elviz-contigs-1056229.Methylotenera-1
/work/meta4_bins/data/bins/dave/bins/elviz-contigs-1056211.Methylobacter-2.fasta,2805340,dave,4228,elviz-contigs-1056211.Methylobacter-2
